id,organization_id,name,description,entity_schema,entity_type,definition,version,is_active,metadata,created_at,updated_at,created_by,updated_by,blueprint_type,intent
e7ac3b48-4664-4e8a-8c17-f75ca11736fc,,Job Application,Standard hiring funnel stages from submission to hired/rejected.,hr,applications,"{""name"": ""Job Application"", ""lifecycle"": {""stages"": [{""id"": ""applied"", ""name"": ""Applied"", ""category"": ""NEW""}, {""id"": ""screening"", ""name"": ""Screening"", ""category"": ""NEW""}, {""id"": ""interview"", ""name"": ""Interview"", ""category"": ""IN_PROGRESS""}, {""id"": ""offer"", ""name"": ""Offer"", ""category"": ""IN_PROGRESS""}, {""id"": ""hired"", ""name"": ""Hired"", ""category"": ""CLOSED_WON""}, {""id"": ""rejected"", ""name"": ""Rejected"", ""category"": ""CLOSED_LOST""}], ""transitions"": [{""to"": ""screening"", ""from"": ""applied"", ""action"": ""Review Application""}, {""to"": ""interview"", ""from"": ""screening"", ""action"": ""Move to Interview""}, {""to"": ""offer"", ""from"": ""interview"", ""action"": ""Make Offer""}, {""to"": ""hired"", ""from"": ""offer"", ""action"": ""Hire Candidate""}, {""to"": ""rejected"", ""from"": ""offer"", ""action"": ""Reject Offer""}, {""to"": ""rejected"", ""from"": ""screening"", ""action"": ""Reject Candidate""}], ""startStateId"": ""applied""}, ""sla_rules"": [], ""automations"": {}, ""entity_type"": ""applications"", ""entity_schema"": ""hr"", ""blueprint_type"": ""lifecycle""}",2,true,{},2026-02-06 10:48:54.379604+00,2026-03-15 15:59:04.818859+00,,,lifecycle,HR_RECRUITMENT
f18b407b-68e8-43d8-a516-61ae7f9798fe,,Runtime Verification Test,,hr,candidates,"{""name"": ""Modular Runtime Test"", ""lifecycle"": {""stages"": [{""id"": ""new"", ""name"": ""New"", ""category"": ""NEW""}, {""id"": ""hired"", ""name"": ""Hired"", ""category"": ""CLOSED_WON""}], ""transitions"": [], ""startStateId"": ""new""}, ""sla_rules"": [{""use_fragment"": ""sla-response-4h"", ""monitored_stages"": [""new""]}], ""automations"": {}, ""entity_type"": ""candidates"", ""entity_schema"": ""hr"", ""blueprint_type"": ""lifecycle""}",2,true,{},2026-02-17 05:35:41.951563+00,2026-03-15 15:59:04.818859+00,,,lifecycle,
450291e3-6206-47d1-a305-c0a365bd5a53,,Candidate Sourcing,Managed recruitment funnel for candidate discovery and engagement.,hr,candidates,"{""name"": ""Candidate Sourcing"", ""lifecycle"": {""stages"": [{""id"": ""new"", ""name"": ""New"", ""category"": ""NEW""}, {""id"": ""contacted"", ""name"": ""Contacted"", ""category"": ""IN_PROGRESS""}, {""id"": ""interviewing"", ""name"": ""Interviewing"", ""category"": ""IN_PROGRESS""}, {""id"": ""hired"", ""name"": ""Hired"", ""category"": ""CLOSED_WON""}, {""id"": ""rejected"", ""name"": ""Rejected"", ""category"": ""CLOSED_LOST""}], ""transitions"": [{""to"": ""contacted"", ""from"": ""new"", ""action"": ""Contact Candidate""}, {""to"": ""interviewing"", ""from"": ""contacted"", ""action"": ""Schedule Interview""}, {""to"": ""hired"", ""from"": ""interviewing"", ""action"": ""Hire""}, {""to"": ""rejected"", ""from"": ""interviewing"", ""action"": ""Reject""}, {""to"": ""rejected"", ""from"": ""new"", ""action"": ""Instant Reject""}], ""startStateId"": ""new""}, ""sla_rules"": [{""id"": ""CANDIDATE_RESPONSE_SLA"", ""name"": ""Candidate Response SLA (48h)"", ""action"": {""name"": ""Notify Recruiter"", ""type"": ""send_email"", ""config"": {""subject"": ""Action Needed: New Candidate {{new.first_name}} {{new.last_name}} not contacted in 48h"", ""recipients"": {""to"": {""sources"": [{""id"": ""{{new.owner_id}}"", ""type"": ""user""}]}}, ""template_id"": ""sla-breach""}, ""priority"": 10}, ""description"": ""New candidates should be contacted within 48 hours"", ""check_frequency"": ""0 0 * * *"", ""monitored_stages"": [""new""], ""time_threshold_hours"": 48}], ""automations"": {""on_stage_entry"": {""new"": {""actions"": [{""name"": ""Send Application Acknowledgment"", ""config"": {""subject"": ""We have received your application, {{new.first_name}}!"", ""recipients"": {""to"": {""sources"": [{""type"": ""direct"", ""expressions"": [""{{new.email}}""]}]}}, ""template_id"": ""ticket-acknowledge""}, ""priority"": 10, ""action_type"": ""send_email""}]}}}, ""entity_type"": ""candidates"", ""entity_schema"": ""hr"", ""blueprint_type"": ""lifecycle""}",4,true,{},2026-02-06 10:48:54.379604+00,2026-03-15 15:59:04.818859+00,,,lifecycle,HR_RECRUITMENT
a26d52fb-d263-4474-9352-5f4ca2a3b089,,Contact Lifecycle,,crm,contacts,"{""name"": ""Contact Lifecycle"", ""lifecycle"": {""stages"": [{""id"": ""new_lead"", ""name"": ""New Lead"", ""category"": ""NEW""}, {""id"": ""attempted"", ""name"": ""Attempted"", ""category"": ""IN_PROGRESS""}, {""id"": ""contacted"", ""name"": ""Contacted"", ""category"": ""IN_PROGRESS""}, {""id"": ""qualified"", ""name"": ""Qualified"", ""category"": ""IN_PROGRESS""}, {""id"": ""won"", ""name"": ""Won"", ""category"": ""CLOSED_WON""}, {""id"": ""disqualified"", ""name"": ""Disqualified"", ""category"": ""CLOSED_LOST""}, {""id"": ""onboarded"", ""name"": ""Onboarded"", ""category"": ""IN_PROGRESS""}, {""id"": ""active_customer"", ""name"": ""Active Customer"", ""category"": ""IN_PROGRESS""}, {""id"": ""churned"", ""name"": ""Churned"", ""category"": ""CLOSED_LOST""}], ""transitions"": [{""to"": ""attempted"", ""from"": ""new_lead""}, {""to"": ""contacted"", ""from"": ""attempted""}, {""to"": ""qualified"", ""from"": ""contacted""}, {""to"": ""won"", ""from"": ""qualified""}, {""to"": ""disqualified"", ""from"": ""qualified""}, {""to"": ""onboarded"", ""from"": ""won""}, {""to"": ""active_customer"", ""from"": ""onboarded""}, {""to"": ""churned"", ""from"": ""active_customer""}, {""to"": ""disqualified"", ""from"": ""new_lead""}], ""startStateId"": ""new_lead""}, ""sla_rules"": [{""id"": ""LEAD_INITIAL_RESPONSE"", ""name"": ""Lead Initial Response (4h)"", ""action"": {""name"": ""Notify Sales Manager"", ""type"": ""send_email"", ""config"": {""subject"": ""URGENT: Lead {{new.display_id}} Initial Response SLA Breach"", ""recipients"": {""to"": {""sources"": [{""id"": ""{{new.owner_id.manager_id}}"", ""type"": ""user""}]}}, ""template_id"": ""sla-breach""}, ""priority"": 10}, ""description"": ""Ensure new leads are responded to within 4 hours"", ""check_frequency"": ""0 * * * *"", ""monitored_stages"": [""new""], ""time_threshold_hours"": 4}, {""id"": ""LEAD_STAGNANCY"", ""name"": ""Lead Stagnancy (24h)"", ""action"": {""name"": ""Notify Lead Owner"", ""type"": ""send_email"", ""config"": {""subject"": ""Action Needed: Lead {{new.display_id}} Stagnant for 24h"", ""recipients"": {""to"": {""sources"": [{""id"": ""{{new.owner_id}}"", ""type"": ""user""}]}}, ""template_id"": ""sla-breach""}, ""priority"": 10}, ""description"": ""Ensure leads in progress are moved within 24 hours"", ""check_frequency"": ""0 */4 * * *"", ""monitored_stages"": [""attempted"", ""contacted""], ""time_threshold_hours"": 24}], ""automations"": {""on_stage_entry"": {""new"": {""actions"": [{""name"": ""Notify Sales Team of New Lead"", ""config"": {""subject"": ""New Lead: {{new.company_name}} - {{new.contact_name}}"", ""recipients"": {""to"": {""sources"": [{""type"": ""direct"", ""expressions"": [""sales-team@zoworks.io""]}]}}, ""template_id"": ""ticket-acknowledge""}, ""priority"": 10, ""action_type"": ""send_email""}]}, ""contacted"": {""actions"": [{""name"": ""Create Discovery Task"", ""config"": {""payload"": {""name"": ""Discovery Call for Lead: {{new.company_name}}"", ""assignee_id"": ""{{new.owner_id}}"", ""task_category"": ""Sales Call"", ""organization_id"": ""{{new.organization_id}}"", ""parent_entity_id"": ""{{new.id}}"", ""parent_entity_type"": ""leads"", ""parent_entity_schema"": ""crm""}, ""entity_name"": ""tasks"", ""entity_schema"": ""blueprint""}, ""priority"": 10, ""action_type"": ""create_entity""}]}, ""qualified"": {""actions"": [{""name"": ""Create Deal Opportunity"", ""config"": {""payload"": {""name"": ""Opportunity: {{new.company_name}}"", ""module"": ""Sales"", ""status"": ""active"", ""owner_id"": ""{{new.owner_id}}"", ""stage_id"": ""lead"", ""account_id"": ""{{new.id}}"", ""organization_id"": ""{{new.organization_id}}""}, ""entity_name"": ""deals"", ""entity_schema"": ""crm""}, ""priority"": 10, ""action_type"": ""create_entity""}]}}}, ""entity_type"": ""contacts"", ""entity_schema"": ""crm"", ""blueprint_type"": ""lifecycle""}",5,true,{},2026-02-07 00:57:20.798953+00,2026-03-15 15:59:04.818859+00,,,lifecycle,CRM_LEAD
c3d4e5f6-a7b8-49c9-10d1-121314151618,,Contract Lifecycle,,ctrm,contracts,"{""name"": ""Contract Lifecycle"", ""lifecycle"": {""stages"": [{""id"": ""draft"", ""name"": ""Draft"", ""category"": ""NEW""}, {""id"": ""signed"", ""name"": ""Signed"", ""category"": ""CLOSED_WON""}, {""id"": ""expired"", ""name"": ""Expired"", ""category"": ""IN_PROGRESS""}, {""id"": ""terminated"", ""name"": ""Terminated"", ""category"": ""CLOSED_LOST""}], ""transitions"": [{""to"": ""signed"", ""from"": ""draft"", ""action"": ""Sign Contract""}, {""to"": ""expired"", ""from"": ""signed"", ""action"": ""Expire""}, {""to"": ""terminated"", ""from"": ""signed"", ""action"": ""Terminate""}], ""startStateId"": ""draft""}, ""sla_rules"": [{""id"": ""CONTRACT_SIGNATURE_SLA"", ""name"": ""Contract Signature SLA (48h)"", ""action"": {""name"": ""Notify Legal Team"", ""type"": ""send_email"", ""config"": {""subject"": ""Notice: Contract {{new.display_id}} still in Draft after 48h"", ""recipients"": {""to"": {""sources"": [{""type"": ""direct"", ""expressions"": [""legal@zoworks.io""]}]}}, ""template_id"": ""sla-breach""}, ""priority"": 10}, ""description"": ""Draft contracts should be signed within 48 hours"", ""check_frequency"": ""0 0 * * *"", ""monitored_stages"": [""draft""], ""time_threshold_hours"": 48}], ""automations"": {""on_stage_entry"": {""signed"": {""actions"": [{""name"": ""Notify Account Manager of Signed Contract"", ""config"": {""subject"": ""Contract {{new.display_id}} has been Signed"", ""recipients"": {""to"": {""sources"": [{""id"": ""{{new.owner_id}}"", ""type"": ""user""}]}}, ""template_id"": ""ticket-acknowledge""}, ""priority"": 10, ""action_type"": ""send_email""}]}}}, ""entity_type"": ""contracts"", ""entity_schema"": ""ctrm"", ""blueprint_type"": ""lifecycle""}",3,true,{},2026-02-06 21:49:02.722558+00,2026-03-15 15:59:04.818859+00,,,lifecycle,LEGAL_CONTRACT
00000000-0000-0000-c002-000000000001,,B2B Customer Process,Standard B2B Customer Lifecycle Process,crm,customers_b2b,"{""name"": ""B2B Customer Process"", ""lifecycle"": {""stages"": [{""id"": ""Prospect"", ""name"": ""Prospect"", ""category"": ""NEW""}, {""id"": ""Nurture"", ""name"": ""Nurture"", ""category"": ""IN_PROGRESS""}, {""id"": ""Active"", ""name"": ""Active Customer"", ""category"": ""IN_PROGRESS""}, {""id"": ""Churned"", ""name"": ""Churned"", ""category"": ""IN_PROGRESS""}], ""transitions"": [], ""startStateId"": ""Prospect""}, ""sla_rules"": [], ""automations"": {}, ""entity_type"": ""customers_b2b"", ""entity_schema"": ""crm"", ""blueprint_type"": ""lifecycle""}",3,false,{},2026-02-07 11:59:25.144643+00,2026-02-26 20:33:23.869216+00,,,lifecycle,CRM_B2B
00000000-0000-0000-c002-000000000002,,B2C Customer Process,Standard B2C Customer Lifecycle Process,crm,customers_b2c,"{""name"": ""B2C Customer Process"", ""lifecycle"": {""stages"": [{""id"": ""New"", ""name"": ""New Subscriber"", ""category"": ""NEW""}, {""id"": ""Verified"", ""name"": ""Verified"", ""category"": ""CLOSED_WON""}, {""id"": ""Active"", ""name"": ""Active Member"", ""category"": ""IN_PROGRESS""}], ""transitions"": [], ""startStateId"": ""New""}, ""sla_rules"": [], ""automations"": {}, ""entity_type"": ""customers_b2c"", ""entity_schema"": ""crm"", ""blueprint_type"": ""lifecycle""}",3,false,{},2026-02-07 11:59:25.173621+00,2026-02-26 20:33:23.869216+00,,,lifecycle,CRM_B2C
d58f9e56-1433-4567-84d5-eec55359791c,,Sales Lifecycle,"Standard sales process for deals including Lead, Outreach, Negotiation, and Closure.",crm,deals,"{""name"": ""Sales Lifecycle"", ""lifecycle"": {""stages"": [{""id"": ""lead"", ""name"": ""Lead"", ""category"": ""NEW""}, {""id"": ""outreach"", ""name"": ""Outreach"", ""category"": ""IN_PROGRESS""}, {""id"": ""negotiation"", ""name"": ""Negotiation"", ""category"": ""IN_PROGRESS""}, {""id"": ""closed_won"", ""name"": ""Closed Won"", ""category"": ""CLOSED_WON""}, {""id"": ""closed_lost"", ""name"": ""Closed Lost"", ""category"": ""CLOSED_LOST""}], ""transitions"": [{""to"": ""outreach"", ""from"": ""lead"", ""action"": ""Start Outreach""}, {""to"": ""negotiation"", ""from"": ""outreach"", ""action"": ""Move to Negotiation""}, {""to"": ""closed_won"", ""from"": ""negotiation"", ""action"": ""Mark Won""}, {""to"": ""closed_lost"", ""from"": ""negotiation"", ""action"": ""Mark Lost""}], ""startStateId"": ""lead""}, ""sla_rules"": [{""id"": ""DEAL_NEGOTIATION_STAGNANCY"", ""name"": ""Deal Negotiation Stagnancy (72h)"", ""action"": {""name"": ""Notify Sales Director"", ""type"": ""send_email"", ""config"": {""subject"": ""SLA BREACH: Deal {{new.display_id}} Stagnant in Negotiation"", ""recipients"": {""to"": {""sources"": [{""type"": ""direct"", ""expressions"": [""sales-director@zoworks.io""]}]}}, ""template_id"": ""sla-breach""}, ""priority"": 10}, ""description"": ""Alert if a deal stays in negotiation for more than 72 hours"", ""check_frequency"": ""0 0 * * *"", ""monitored_stages"": [""negotiation""], ""time_threshold_hours"": 72}], ""automations"": {""on_stage_entry"": {""closed_won"": {""actions"": [{""name"": ""Notify Finance of Won Deal"", ""config"": {""subject"": ""Action Required: Project Onboarding for Deal {{new.display_id}}"", ""recipients"": {""to"": {""sources"": [{""type"": ""direct"", ""expressions"": [""finance@zoworks.io""]}]}}, ""template_id"": ""INVOICE_NEW"", ""template_variables"": {""amount"": ""{{new.amount}}"", ""deal_id"": ""{{new.display_id}}""}}, ""priority"": 10, ""action_type"": ""send_email""}, {""name"": ""Create Customer Onboarding Task"", ""config"": {""payload"": {""name"": ""Onboarding: {{new.name}}"", ""assignee_id"": ""{{new.owner_id}}"", ""task_category"": ""Onboarding"", ""organization_id"": ""{{new.organization_id}}"", ""parent_entity_id"": ""{{new.id}}"", ""parent_entity_type"": ""deals"", ""parent_entity_schema"": ""crm""}, ""entity_name"": ""tasks"", ""entity_schema"": ""blueprint""}, ""priority"": 20, ""action_type"": ""create_entity""}]}}}, ""entity_type"": ""deals"", ""entity_schema"": ""crm"", ""blueprint_type"": ""lifecycle""}",3,true,{},2026-02-06 10:37:48.022577+00,2026-03-15 15:59:04.818859+00,,,lifecycle,CRM_LEAD
9deb7893-e70e-4766-8998-78dbd94f2ffa,,Standard Expense Sheet Approval Flow,Defines approval stages for employee expense sheets.,workforce,expense_sheets,"{""name"": ""Standard Expense Sheet Approval Flow"", ""lifecycle"": {""stages"": [{""id"": ""Draft"", ""name"": ""Draft"", ""category"": ""NEW""}, {""id"": ""Submitted"", ""name"": ""Submitted"", ""category"": ""IN_PROGRESS""}, {""id"": ""Approved"", ""name"": ""Approved"", ""category"": ""CLOSED_WON""}, {""id"": ""Rejected"", ""name"": ""Rejected"", ""category"": ""CLOSED_LOST""}], ""transitions"": [{""id"": ""T_SUBMIT"", ""to"": ""Submitted"", ""from"": ""Draft""}, {""id"": ""T_APPROVE"", ""to"": ""Approved"", ""from"": ""Submitted"", ""name"": ""Approve Expense""}, {""id"": ""T_REJECT"", ""to"": ""Rejected"", ""from"": ""Submitted"", ""name"": ""Reject Expense""}, {""id"": ""T_REOPEN"", ""to"": ""Draft"", ""from"": ""Rejected""}], ""startStateId"": ""Draft""}, ""sla_rules"": [{""id"": ""EXPENSE_REVIEW_SLA"", ""name"": ""Expense Review SLA (72h)"", ""action"": {""name"": ""Notify Finance of Overdue Expense"", ""type"": ""send_email"", ""config"": {""subject"": ""URGENT: Expense Sheet {{new.display_id}} Review Overdue"", ""recipients"": {""to"": {""sources"": [{""type"": ""direct"", ""expressions"": [""finance@zoworks.io""]}]}}, ""template_id"": ""TASK_OVERDUE""}, ""priority"": 10}, ""description"": ""Expenses must be reviewed by Finance within 72 hours of submission"", ""check_frequency"": ""0 0 * * *"", ""monitored_stages"": [""Submitted""], ""time_threshold_hours"": 72}], ""automations"": {""on_stage_entry"": {""Submitted"": {""actions"": [{""name"": ""Notify Finance of New Submission"", ""config"": {""subject"": ""New Expense Sheet for Review: {{new.display_id}}"", ""recipients"": {""to"": {""sources"": [{""type"": ""direct"", ""expressions"": [""finance@zoworks.io""]}]}}, ""template_id"": ""INVOICE_NEW"", ""template_variables"": {""amount"": ""{{new.total_amount}}"", ""expense_id"": ""{{new.display_id}}""}}, ""priority"": 10, ""action_type"": ""send_email""}]}}}, ""entity_type"": ""expense_sheets"", ""entity_schema"": ""workforce"", ""blueprint_type"": ""approval""}",3,true,{},2025-10-16 04:11:14.286307+00,2026-03-15 15:59:04.818859+00,,,approval,GOVERNANCE_APPROVAL
46fd4a63-dd01-4e36-a3ec-0886af1224a8,,Invoices,Invoices Lifecycle,blueprint,invoices,"{""name"": ""Invoices"", ""lifecycle"": {""stages"": [{""id"": ""Draft"", ""name"": ""Draft"", ""category"": ""NEW""}, {""id"": ""Sent"", ""name"": ""Sent"", ""category"": ""IN_PROGRESS""}, {""id"": ""Paid"", ""name"": ""Paid"", ""category"": ""CLOSED_WON""}, {""id"": ""Overdue"", ""name"": ""Overdue"", ""category"": ""IN_PROGRESS""}, {""id"": ""Void"", ""name"": ""Void"", ""category"": ""CANCELLED""}], ""transitions"": [{""to"": ""Sent"", ""from"": ""Draft"", ""label"": ""Send"", ""trigger"": ""manual""}, {""to"": ""Paid"", ""from"": ""Sent"", ""label"": ""Receive Payment"", ""trigger"": ""manual""}, {""to"": ""Overdue"", ""from"": ""Sent"", ""label"": ""Mark Overdue"", ""trigger"": ""automatic""}, {""to"": ""Paid"", ""from"": ""Overdue"", ""label"": ""Receive Payment"", ""trigger"": ""manual""}, {""to"": ""Void"", ""from"": [""Draft"", ""Sent"", ""Overdue""], ""label"": ""Void"", ""trigger"": ""manual""}], ""startStateId"": ""Draft""}, ""sla_rules"": [{""id"": ""INVOICE_OVERDUE"", ""name"": ""Invoice Overdue"", ""action"": {""name"": ""Transition to Overdue"", ""type"": ""update_entity"", ""config"": {""payload"": {""stage_id"": ""Overdue""}, ""entity_id"": ""{{new.id}}"", ""entity_name"": ""invoices"", ""entity_schema"": ""blueprint""}, ""priority"": 10}, ""conditions"": {""type"": ""AND"", ""rules"": [{""field"": ""new.details->>due_date"", ""value"": ""NOW()"", ""operator"": ""less_than""}]}, ""description"": ""Trigger if invoice is not paid by due date"", ""check_frequency"": ""0 9 * * *"", ""monitored_stages"": [""Sent""], ""time_threshold_hours"": 0}], ""automations"": {""on_stage_entry"": {""Paid"": {""actions"": [{""name"": ""Trigger Ticket Completion"", ""config"": {""payload"": {""stage_transition"": ""Payment Received""}, ""entity_id"": ""{{new.parent_entity_id}}"", ""entity_name"": ""tickets"", ""entity_schema"": ""blueprint""}, ""priority"": 10, ""action_type"": ""update_entity""}]}, ""Sent"": {""actions"": [{""name"": ""Email Invoice to Customer"", ""config"": {""subject"": ""Invoice {{new.display_id}} for Ticket {{new.parent_entity_id.display_id}}"", ""recipients"": {""to"": {""sources"": [{""id"": ""{{new.parent_entity_id.contact_id}}"", ""type"": ""user""}]}}, ""template_id"": ""INVOICE_NEW"", ""template_variables"": {""amount"": ""{{new.details->>total_amount}}"", ""due_date"": ""{{new.details->>due_date}}"", ""ticket_id"": ""{{new.parent_entity_id.display_id}}"", ""invoice_id"": ""{{new.display_id}}""}}, ""priority"": 10, ""action_type"": ""send_email""}]}}}, ""entity_type"": ""invoices"", ""entity_schema"": ""blueprint"", ""blueprint_type"": ""lifecycle""}",8,true,"{""changes"": [""Added scheduled email notification""], ""compiled_at"": null, ""last_sync_update"": ""2025-11-07T00:00:00Z"", ""replaces_version"": 2}",2025-11-08 19:02:04.701998+00,2026-03-15 15:59:04.818859+00,6ba504d2-65b7-4018-b8a1-323dd686996c,6ba504d2-65b7-4018-b8a1-323dd686996c,lifecycle,FINANCE_INVOICE
6bca6261-3944-46e7-afd2-5c2437cdceba,,Standard Leave Approval Flow (Time-Based),"Defines the time-based approval stages for all leave applications: L1-only for 24h, then full manager chain + HR.",workforce,leave_applications,"{""name"": ""Standard Leave Approval Flow (Time-Based)"", ""lifecycle"": {""stages"": [{""id"": ""Draft"", ""name"": ""Draft"", ""category"": ""NEW""}, {""id"": ""Submitted"", ""name"": ""Submitted (Pending Approval)"", ""category"": ""IN_PROGRESS"", ""approval_rules"": {""phases"": [{""approvers"": [{""type"": ""MANAGER_LEVEL"", ""level_end"": 1, ""level_start"": 1}], ""window_tag"": ""L1_OR_CEO_48H"", ""time_window_hours"": 48}, {""approvers"": [{""type"": ""MANAGER_LEVEL"", ""level_end"": ""infinity"", ""level_start"": 1}, {""type"": ""ROLE"", ""role_id"": ""48248ebe-59d3-4a00-9f06-da1c28e4402b""}], ""window_tag"": ""FULL_POOL_AFTER_48H"", ""time_window_hours"": null}]}}, {""id"": ""Approved"", ""name"": ""Approved"", ""category"": ""CLOSED_WON""}, {""id"": ""Rejected"", ""name"": ""Rejected"", ""category"": ""CLOSED_LOST""}, {""id"": ""Cancelled"", ""name"": ""Cancelled"", ""category"": ""CLOSED_LOST""}], ""transitions"": [{""id"": ""T_SUBMIT"", ""to"": ""Submitted"", ""from"": ""Draft"", ""name"": ""Submit Leave Request""}, {""id"": ""T_APPROVE"", ""to"": ""Approved"", ""from"": ""Submitted"", ""name"": ""Approve Leave""}, {""id"": ""T_REJECT"", ""to"": ""Rejected"", ""from"": ""Submitted"", ""name"": ""Reject Leave""}, {""id"": ""T_CANCEL_SUBMITTED"", ""to"": ""Cancelled"", ""from"": ""Submitted"", ""name"": ""Cancel Request""}, {""id"": ""T_CANCEL_APPROVED"", ""to"": ""Cancelled"", ""from"": ""Approved"", ""name"": ""Cancel Approved Leave""}], ""startStateId"": ""Draft""}, ""sla_rules"": [], ""automations"": {""on_stage_entry"": {""Approved"": {""actions"": [{""name"": ""Deduct Leave Ledger"", ""config"": {""payload"": {""amount"": ""-{{new.leave_duration_days}}"", ""user_id"": ""{{new.user_id}}"", ""metadata"": {""application_id"": ""{{new.id}}""}, ""description"": ""Approved Leave: {{new.id}}"", ""leave_type_id"": ""{{new.leave_type_id}}"", ""effective_date"": ""{{new.start_date}}"", ""transaction_type"": ""USAGE""}, ""entity_name"": ""leave_ledger"", ""entity_schema"": ""workforce""}, ""action_type"": ""create_entity""}]}, ""Cancelled"": {""actions"": [{""name"": ""Reverse Ledger Impact"", ""config"": {""rpc"": ""workforce.util_ledger_reverse"", ""args"": {""p_table"": ""leave_ledger"", ""p_ref_key"": ""application_id"", ""p_ref_value"": ""{{new.id}}""}}, ""action_type"": ""rpc""}]}}}, ""entity_type"": ""leave_applications"", ""entity_schema"": ""workforce"", ""blueprint_type"": ""approval""}",8,true,{},2025-10-14 06:05:51.583854+00,2026-03-15 16:10:45.325007+00,,,approval,GOVERNANCE_APPROVAL
2bca6261-3944-46e7-afd2-5c2437cdcebb,55555555-5555-5555-5555-555555555555,Deferred Leave Approval Flow,,workforce,leave_applications,"{""name"": ""Deferred Leave Approval Flow"", ""lifecycle"": {""stages"": [{""id"": ""Draft"", ""name"": ""Draft"", ""category"": ""NEW""}, {""id"": ""Submitted"", ""name"": ""Submitted (Pending Approval)"", ""category"": ""IN_PROGRESS"", ""approval_rules"": {""phases"": [{""approvers"": [{""type"": ""MANAGER_LEVEL"", ""level_end"": 1, ""level_start"": 1}], ""window_tag"": ""L1_OR_CEO_48H"", ""time_window_hours"": 48}, {""approvers"": [{""type"": ""MANAGER_LEVEL"", ""level_end"": ""infinity"", ""level_start"": 1}, {""type"": ""ROLE"", ""role_id"": ""48248ebe-59d3-4a00-9f06-da1c28e4402b""}], ""window_tag"": ""FULL_POOL_AFTER_48H"", ""time_window_hours"": null}]}}, {""id"": ""Approved"", ""name"": ""Approved (Awaiting Timesheet)"", ""category"": ""CLOSED_WON""}, {""id"": ""Rejected"", ""name"": ""Rejected"", ""category"": ""CLOSED_LOST""}, {""id"": ""Cancelled"", ""name"": ""Cancelled"", ""category"": ""CLOSED_LOST""}], ""transitions"": [{""id"": ""T_SUBMIT"", ""to"": ""Submitted"", ""from"": ""Draft"", ""name"": ""Submit""}, {""id"": ""T_APPROVE"", ""to"": ""Approved"", ""from"": ""Submitted"", ""name"": ""Approve""}, {""id"": ""T_REJECT"", ""to"": ""Rejected"", ""from"": ""Submitted"", ""name"": ""Reject""}, {""id"": ""T_CANCEL_SUBMITTED"", ""to"": ""Cancelled"", ""from"": ""Submitted"", ""name"": ""Cancel Request""}, {""id"": ""T_CANCEL_APPROVED"", ""to"": ""Cancelled"", ""from"": ""Approved"", ""name"": ""Cancel Approved Leave""}], ""startStateId"": ""Draft""}, ""sla_rules"": [], ""automations"": {""on_stage_entry"": {""Approved"": {""actions"": [{""name"": ""Log Deferred Intent"", ""config"": {""payload"": {""status"": ""Approved - Deducting via Timesheet""}}, ""action_type"": ""update_entity""}]}, ""Cancelled"": {""actions"": [{""name"": ""Reverse Ledger Impact"", ""config"": {""rpc"": ""workforce.util_ledger_reverse"", ""args"": {""p_table"": ""leave_ledger"", ""p_ref_key"": ""application_id"", ""p_ref_value"": ""{{new.id}}""}}, ""action_type"": ""rpc""}]}}}, ""entity_type"": ""leave_applications"", ""entity_schema"": ""workforce"", ""blueprint_type"": ""approval""}",8,true,{},2026-01-05 11:29:41.616121+00,2026-03-15 16:10:45.325007+00,,,approval,GOVERNANCE_APPROVAL
00000000-0000-0000-c002-000000000004,,Contractor Onboarding Process,Standard Contractor Onboarding Process,hr,onboarding,"{""name"": ""Contractor Onboarding Process"", ""lifecycle"": {""stages"": [{""id"": ""onboarding"", ""name"": ""Onboarding"", ""category"": ""IN_PROGRESS""}, {""id"": ""active"", ""name"": ""Active Contractor"", ""category"": ""CLOSED_WON""}, {""id"": ""offboarding"", ""name"": ""Offboarding"", ""category"": ""IN_PROGRESS""}, {""id"": ""terminated"", ""name"": ""Terminated"", ""category"": ""CLOSED_LOST""}], ""transitions"": [], ""startStateId"": ""Onboarding""}, ""sla_rules"": [], ""automations"": {}, ""entity_type"": ""contractors"", ""entity_schema"": ""crm"", ""blueprint_type"": ""lifecycle""}",3,true,{},2026-02-07 11:59:25.227167+00,2026-03-15 15:59:04.818859+00,,,lifecycle,HR_ONBOARDING
bf62c93f-7b52-4f26-9ea1-e7038975d3a8,,Sales to Delivery Orchestration,End-to-end orchestration from Closed Won Opportunity → Project → Resourcing → Live Delivery,blueprint,opportunities,"{""name"": ""Sales to Delivery Orchestration"", ""lifecycle"": {""stages"": [{""id"": ""opportunity_won"", ""name"": ""Opportunity Won"", ""category"": ""IN_PROGRESS""}, {""id"": ""project_created"", ""name"": ""Project Created"", ""category"": ""IN_PROGRESS""}, {""id"": ""resourcing_started"", ""name"": ""Resourcing Started"", ""category"": ""IN_PROGRESS""}, {""id"": ""team_80%_assigned"", ""name"": ""Team 80% Assigned"", ""category"": ""IN_PROGRESS""}, {""id"": ""project_live_→_revenue_recognized"", ""name"": ""Project Live → Revenue Recognized"", ""category"": ""IN_PROGRESS""}], ""transitions"": [], ""startStateId"": ""opportunity_won""}, ""sla_rules"": [], ""automations"": {}, ""entity_type"": ""opportunities"", ""entity_schema"": ""blueprint"", ""blueprint_type"": ""orchestration""}",3,true,"{""pulse_lane"": ""Sales → Delivery"", ""dashboard_visible"": true}",2025-12-11 11:27:47.820507+00,2026-03-15 15:59:04.818859+00,,,orchestration,ORCHESTRATION
6121abf9-e6e7-486f-a95b-5aa2f7eadbfb,,Hire to Retire Configuration,From identifying need to supplier payment,automation,process,"{""name"": ""Hire to Retire Configuration"", ""lifecycle"": {""stages"": [{""id"": ""active"", ""name"": ""Active"", ""category"": ""IN_PROGRESS""}], ""transitions"": [], ""startStateId"": ""active""}, ""sla_rules"": [{""id"": ""sla-application-ack"", ""name"": ""Application Acknowledgement"", ""action"": {""type"": ""send_email"", ""config"": {}}, ""check_frequency"": ""0 0 * * *"", ""monitored_stages"": [""applied""], ""escalation_levels"": 1, ""time_threshold_hours"": 24}, {""id"": ""sla-screening-complete"", ""name"": ""Screening Completion"", ""action"": {""type"": ""send_email"", ""config"": {}}, ""check_frequency"": ""0 0 * * *"", ""monitored_stages"": [""screening""], ""escalation_levels"": 2, ""time_threshold_hours"": 72}, {""id"": ""sla-interview-schedule"", ""name"": ""Interview Scheduling"", ""action"": {""type"": ""send_email"", ""config"": {}}, ""check_frequency"": ""0 0 * * *"", ""monitored_stages"": [""interview_scheduled""], ""escalation_levels"": 2, ""time_threshold_hours"": 48}, {""id"": ""sla-hiring-decision"", ""name"": ""Hiring Decision"", ""action"": {""type"": ""send_email"", ""config"": {}}, ""check_frequency"": ""0 0 * * *"", ""monitored_stages"": [""decision""], ""escalation_levels"": 3, ""time_threshold_hours"": 120}, {""id"": ""sla-offer-response"", ""name"": ""Offer Response Follow-up"", ""action"": {""type"": ""send_email"", ""config"": {}}, ""check_frequency"": ""0 0 * * *"", ""monitored_stages"": [""offer_extended""], ""escalation_levels"": 2, ""time_threshold_hours"": 96}, {""id"": ""sla-onboarding-compliance"", ""name"": ""Onboarding Compliance"", ""action"": {""type"": ""update_entity"", ""config"": {}}, ""check_frequency"": ""0 0 * * *"", ""monitored_stages"": [""in_progress""], ""escalation_levels"": 3, ""time_threshold_hours"": 72}], ""automations"": {""on_stage_entry"": {}}, ""entity_type"": ""process"", ""entity_schema"": ""automation"", ""blueprint_type"": ""lifecycle""}",4,true,{},2026-01-08 06:38:55.012237+00,2026-03-15 15:59:04.818859+00,,,lifecycle,HR_HIRE_TO_RETIRE
6ae29df4-6817-4bde-af6b-985bb8479e9b,,Construction Lifecycle,,construction,projects,"{""name"": ""Construction Lifecycle"", ""lifecycle"": {""stages"": [{""id"": ""planned"", ""name"": ""Planned"", ""category"": ""NEW""}, {""id"": ""active"", ""name"": ""Active"", ""category"": ""IN_PROGRESS""}, {""id"": ""completed"", ""name"": ""Completed"", ""category"": ""CLOSED_WON""}, {""id"": ""on_hold"", ""name"": ""On Hold"", ""category"": ""IN_PROGRESS""}, {""id"": ""cancelled"", ""name"": ""Cancelled"", ""category"": ""CLOSED_LOST""}], ""transitions"": [{""to"": ""active"", ""from"": ""planned"", ""action"": ""Activate Project""}, {""to"": ""completed"", ""from"": ""active"", ""action"": ""Complete Project""}, {""to"": ""on_hold"", ""from"": ""active"", ""action"": ""Place On Hold""}, {""to"": ""active"", ""from"": ""on_hold"", ""action"": ""Resume Project""}, {""to"": ""cancelled"", ""from"": ""planned"", ""action"": ""Cancel""}], ""startStateId"": ""planned""}, ""sla_rules"": [{""id"": ""PROJECT_PLANNING_SLA"", ""name"": ""Project Planning SLA (7d)"", ""action"": {""name"": ""Notify Operations Director"", ""type"": ""send_email"", ""config"": {""subject"": ""SLA BREACH: Construction Project {{new.display_id}} Stagnant in Planning"", ""recipients"": {""to"": {""sources"": [{""type"": ""direct"", ""expressions"": [""ops-director@zoworks.io""]}]}}, ""template_id"": ""sla-breach""}, ""priority"": 10}, ""description"": ""Projects should not remain in planned status for more than 7 days"", ""check_frequency"": ""0 0 * * *"", ""monitored_stages"": [""planned""], ""time_threshold_hours"": 168}], ""automations"": {""on_stage_entry"": {""active"": {""actions"": [{""name"": ""Create Project Kickoff Task"", ""config"": {""payload"": {""name"": ""Kickoff Meeting: {{new.name}}"", ""assignee_id"": ""{{new.owner_id}}"", ""task_category"": ""Meeting"", ""organization_id"": ""{{new.organization_id}}"", ""parent_entity_id"": ""{{new.id}}"", ""parent_entity_type"": ""projects"", ""parent_entity_schema"": ""construction""}, ""entity_name"": ""tasks"", ""entity_schema"": ""blueprint""}, ""priority"": 10, ""action_type"": ""create_entity""}]}}}, ""entity_type"": ""projects"", ""entity_schema"": ""construction"", ""blueprint_type"": ""lifecycle""}",3,true,{},2026-02-07 00:57:20.798953+00,2026-03-15 15:59:04.818859+00,,,lifecycle,PROJECT_MANAGEMENT
5f94ff36-8f7e-45e2-a491-2894496c5d9f,,ESM Projects,ESM Project lifecycle for preventive care MEP projects,esm,projects,"{""name"": ""ESM Projects"", ""lifecycle"": {""stages"": [{""id"": ""Planning"", ""name"": ""Planning"", ""category"": ""NEW""}, {""id"": ""Active"", ""name"": ""Active"", ""category"": ""IN_PROGRESS""}, {""id"": ""On_Hold"", ""name"": ""On Hold"", ""category"": ""IN_PROGRESS""}, {""id"": ""Completed"", ""name"": ""Completed"", ""category"": ""CLOSED_WON""}, {""id"": ""Cancelled"", ""name"": ""Cancelled"", ""category"": ""CANCELLED""}], ""transitions"": [{""to"": ""Active"", ""from"": ""Planning"", ""label"": ""Start Project"", ""trigger"": ""manual""}, {""to"": ""On_Hold"", ""from"": ""Active"", ""label"": ""Put on Hold"", ""trigger"": ""manual""}, {""to"": ""Active"", ""from"": ""On_Hold"", ""label"": ""Resume"", ""trigger"": ""manual""}, {""to"": ""Completed"", ""from"": ""Active"", ""label"": ""Complete"", ""trigger"": ""manual""}, {""to"": ""Cancelled"", ""from"": ""Planning"", ""label"": ""Cancel"", ""trigger"": ""manual""}, {""to"": ""Cancelled"", ""from"": ""Active"", ""label"": ""Cancel"", ""trigger"": ""manual""}, {""to"": ""Cancelled"", ""from"": ""On_Hold"", ""label"": ""Cancel"", ""trigger"": ""manual""}], ""startStateId"": ""Planning""}, ""entity_type"": ""projects"", ""entity_schema"": ""esm"", ""blueprint_type"": ""lifecycle""}",1,true,{},2026-02-27 08:22:51.978404+00,2026-03-15 15:59:04.818859+00,,,lifecycle,ESM_PROJECT
c1a101ba-48e8-44a0-ad89-c9e926d488db,,Quote Lifecycle,Standard quote process: draft → sent → accepted/expired/rejected,crm,quotes,"{""name"": ""Quote Lifecycle"", ""lifecycle"": {""stages"": [{""id"": ""draft"", ""name"": ""Draft"", ""category"": ""NEW""}, {""id"": ""sent"", ""name"": ""Sent"", ""category"": ""IN_PROGRESS""}, {""id"": ""accepted"", ""name"": ""Accepted"", ""category"": ""CLOSED_WON""}, {""id"": ""expired"", ""name"": ""Expired"", ""category"": ""CLOSED_LOST""}, {""id"": ""rejected"", ""name"": ""Rejected"", ""category"": ""CLOSED_LOST""}], ""startStateId"": ""draft""}, ""sla_rules"": [], ""automations"": {}, ""entity_type"": ""quotes"", ""entity_schema"": ""crm"", ""blueprint_type"": ""lifecycle""}",1,true,{},2026-02-22 16:00:24.885251+00,2026-03-15 15:59:04.818859+00,,,lifecycle,CRM_QUOTE
6de5ea23-31db-4e2a-846e-1810bb70e24a,,Recruitment to Onboarding Orchestration,From approved requisition → hire → onboarding → billable resource,blueprint,recruitment_requisitions,"{""name"": ""Recruitment to Onboarding Orchestration"", ""lifecycle"": {""stages"": [{""id"": ""requisition_live"", ""name"": ""Requisition Live"", ""category"": ""IN_PROGRESS""}, {""id"": ""offer_extended"", ""name"": ""Offer Extended"", ""category"": ""IN_PROGRESS""}, {""id"": ""offer_accepted_→_employee_created"", ""name"": ""Offer Accepted → Employee Created"", ""category"": ""IN_PROGRESS""}, {""id"": ""onboarding_started"", ""name"": ""Onboarding Started"", ""category"": ""IN_PROGRESS""}, {""id"": ""onboarded_&_billable"", ""name"": ""Onboarded & Billable"", ""category"": ""IN_PROGRESS""}], ""transitions"": [], ""startStateId"": ""requisition_live""}, ""sla_rules"": [], ""automations"": {}, ""entity_type"": ""recruitment_requisitions"", ""entity_schema"": ""blueprint"", ""blueprint_type"": ""orchestration""}",3,true,"{""pulse_lane"": ""Recruitment → Onboarding"", ""dashboard_visible"": true}",2025-12-11 11:28:40.338113+00,2026-03-15 15:59:04.818859+00,,,orchestration,ORCHESTRATION
bee70711-3300-412b-a0fc-9769d2a4c34a,,service_reports,service_reports Lifecycle,blueprint,service_reports,"{""name"": ""Service Reports"", ""lifecycle"": {""stages"": [{""id"": ""Draft"", ""name"": ""Draft"", ""category"": ""NEW""}, {""id"": ""Submitted"", ""name"": ""Submitted"", ""category"": ""IN_PROGRESS""}, {""id"": ""Approved"", ""name"": ""Approved"", ""category"": ""CLOSED_WON""}, {""id"": ""Rejected"", ""name"": ""Rejected"", ""category"": ""IN_PROGRESS""}], ""transitions"": [{""to"": ""Submitted"", ""from"": ""Draft"", ""label"": ""Submit for Approval"", ""trigger"": ""manual""}, {""to"": ""Approved"", ""from"": ""Submitted"", ""label"": ""Approve Report"", ""trigger"": ""manual""}, {""to"": ""Rejected"", ""from"": ""Submitted"", ""label"": ""Reject Report"", ""trigger"": ""manual""}, {""to"": ""Draft"", ""from"": ""Rejected"", ""label"": ""Make Corrections"", ""trigger"": ""manual""}], ""startStateId"": ""Draft""}, ""sla_rules"": [{""id"": ""AUTO_APPROVE_SERVICE_REPORT"", ""name"": ""Auto-Approve Service Report"", ""action"": {""name"": ""Auto-Approve Service Report"", ""type"": ""update_entity"", ""config"": {""payload"": {""details"": {""auto_approved"": true, ""auto_approved_at"": ""{{NOW()}}""}, ""stage_id"": ""Approved""}, ""entity_id"": ""{{new.id}}"", ""entity_name"": ""service_reports"", ""entity_schema"": ""blueprint""}, ""priority"": 10}, ""conditions"": {""type"": ""AND"", ""rules"": [{""field"": ""new.stage_id"", ""value"": ""Submitted"", ""operator"": ""equals""}, {""field"": ""esm.updated_at"", ""value"": 1, ""operator"": ""hours_ago""}]}, ""description"": ""Automatically approve service reports if no action taken within 1 hour"", ""check_frequency"": ""*/15 * * * *"", ""monitored_stages"": [""Submitted""], ""time_threshold_hours"": 1, ""applies_to_categories"": [""*""]}], ""automations"": {""on_stage_entry"": {""Approved"": {""actions"": [{""name"": ""Update Ticket Based on Completion Status"", ""config"": {""payload"": {""details"": {""auto_approved"": ""{{new.details->auto_approved}}"", ""service_report_approved_at"": ""{{NOW()}}""}, ""stage_id"": ""{{#if (new.details->completion_status == 'paid_activity')}}Invoiced{{else if (new.details->completion_status == 'awaiting_parts')}}Parts Pending{{else if (new.details->completion_status == 'observation')}}Observing{{else}}Resolved{{/if}}"", ""resolved_at"": ""{{NOW()}}""}, ""entity_id"": ""{{new.parent_entity_id}}"", ""entity_name"": ""tickets"", ""entity_schema"": ""blueprint""}, ""priority"": 10, ""action_type"": ""update_entity""}, {""name"": ""Create Invoice for Paid Activity"", ""config"": {""payload"": {""name"": ""Invoice for {{new.parent_entity_id.display_id}}"", ""details"": {""task_id"": ""{{new.task_id}}"", ""due_date"": ""{{#addDays NOW 30}}"", ""line_items"": ""{{new.details->line_items}}"", ""service_date"": ""{{new.details->service_date}}"", ""total_amount"": ""{{new.details->total_amount}}"", ""service_report_id"": ""{{new.id}}""}, ""stage_id"": ""Draft"", ""account_id"": ""{{new.account_id}}"", ""organization_id"": ""{{new.organization_id}}"", ""parent_entity_id"": ""{{new.parent_entity_id}}"", ""parent_entity_type"": ""tickets""}, ""condition"": ""new.details->completion_status == 'paid_activity'"", ""entity_name"": ""invoices"", ""entity_schema"": ""blueprint""}, ""priority"": 20, ""action_type"": ""create_entity""}, {""name"": ""Complete Parent Task"", ""config"": {""payload"": {""stage_id"": ""Completed"", ""completed_at"": ""{{NOW()}}""}, ""entity_id"": ""{{new.task_id}}"", ""entity_name"": ""tasks"", ""entity_schema"": ""blueprint""}, ""priority"": 30, ""action_type"": ""update_entity""}, {""name"": ""Start Observation Period if Needed"", ""config"": {""payload"": {""details"": {""observation_started_at"": ""{{NOW()}}"", ""observation_period_hours"": ""{{new.details->observation_hours}}""}, ""stage_id"": ""Observing""}, ""condition"": ""new.details->completion_status == 'observation'"", ""entity_id"": ""{{new.parent_entity_id}}"", ""entity_name"": ""tickets"", ""entity_schema"": ""blueprint""}, ""priority"": 40, ""action_type"": ""update_entity""}]}, ""Rejected"": {""actions"": [{""name"": ""Notify Technician of Rejection"", ""config"": {""data"": {""report_id"": ""{{new.display_id}}"", ""ticket_id"": ""{{new.parent_entity_id.display_id}}"", ""rejection_reason"": ""{{new.details->rejection_notes}}""}, ""subject"": ""Service Report Rejected for {{new.parent_entity_id.display_id}}"", ""recipients"": {""to"": {""sources"": [{""id"": ""{{new.assignee_id}}"", ""type"": ""user""}]}}, ""template_id"": ""SR_REJECTED""}, ""priority"": 10, ""action_type"": ""send_notification""}]}, ""Submitted"": {""actions"": [{""name"": ""Notify Manager for Approval"", ""config"": {""data"": {""report_id"": ""{{new.display_id}}"", ""ticket_id"": ""{{new.parent_entity_id.display_id}}"", ""technician_name"": ""{{new.assignee_id.name}}"", ""auto_approval_time"": ""1 hour""}, ""subject"": ""Service Report Submitted for {{new.parent_entity_id.display_id}}"", ""recipients"": {""to"": {""sources"": [{""id"": ""{{new.assignee_id.manager_id}}"", ""type"": ""user""}]}}, ""template_id"": ""SR_APPROVAL_PENDING""}, ""priority"": 10, ""action_type"": ""send_notification""}]}}}, ""entity_type"": ""service_reports"", ""entity_schema"": ""blueprint"", ""blueprint_type"": ""lifecycle""}",10,true,"{""changes"": [""Added metadat magic""], ""compiled_at"": null, ""last_sync_update"": ""2025-11-07T00:00:00Z"", ""replaces_version"": 6}",2025-11-10 14:47:41.780573+00,2026-03-15 15:59:04.818859+00,6ba504d2-65b7-4018-b8a1-323dd686996c,6ba504d2-65b7-4018-b8a1-323dd686996c,lifecycle,SERVICE_FULFILLMENT
41914d5b-de0e-47d1-9022-4611b60bfa54,,ESM Service Reports,ESM Service Report lifecycle — duplicated from blueprint.service_reports,esm,service_reports,"{""name"": ""Service Reports"", ""lifecycle"": {""stages"": [{""id"": ""Draft"", ""name"": ""Draft"", ""category"": ""NEW""}, {""id"": ""Submitted"", ""name"": ""Submitted"", ""category"": ""IN_PROGRESS""}, {""id"": ""Approved"", ""name"": ""Approved"", ""category"": ""CLOSED_WON""}, {""id"": ""Rejected"", ""name"": ""Rejected"", ""category"": ""IN_PROGRESS""}], ""transitions"": [{""to"": ""Submitted"", ""from"": ""Draft"", ""label"": ""Submit for Approval"", ""trigger"": ""manual""}, {""to"": ""Approved"", ""from"": ""Submitted"", ""label"": ""Approve Report"", ""trigger"": ""manual""}, {""to"": ""Rejected"", ""from"": ""Submitted"", ""label"": ""Reject Report"", ""trigger"": ""manual""}, {""to"": ""Draft"", ""from"": ""Rejected"", ""label"": ""Make Corrections"", ""trigger"": ""manual""}], ""startStateId"": ""Draft""}, ""sla_rules"": [{""id"": ""AUTO_APPROVE_SERVICE_REPORT"", ""name"": ""Auto-Approve Service Report"", ""action"": {""name"": ""Auto-Approve Service Report"", ""type"": ""update_entity"", ""config"": {""payload"": {""details"": {""auto_approved"": true, ""auto_approved_at"": ""{{NOW()}}""}, ""stage_id"": ""Approved""}, ""entity_id"": ""{{new.id}}"", ""entity_name"": ""service_reports"", ""entity_schema"": ""blueprint""}, ""priority"": 10}, ""conditions"": {""type"": ""AND"", ""rules"": [{""field"": ""new.stage_id"", ""value"": ""Submitted"", ""operator"": ""equals""}, {""field"": ""esm.updated_at"", ""value"": 1, ""operator"": ""hours_ago""}]}, ""description"": ""Automatically approve service reports if no action taken within 1 hour"", ""check_frequency"": ""*/15 * * * *"", ""monitored_stages"": [""Submitted""], ""time_threshold_hours"": 1, ""applies_to_categories"": [""*""]}], ""automations"": {""on_stage_entry"": {""Approved"": {""actions"": [{""name"": ""Update Ticket Based on Completion Status"", ""config"": {""payload"": {""details"": {""auto_approved"": ""{{new.details->auto_approved}}"", ""service_report_approved_at"": ""{{NOW()}}""}, ""stage_id"": ""{{#if (new.details->completion_status == 'paid_activity')}}Invoiced{{else if (new.details->completion_status == 'awaiting_parts')}}Parts Pending{{else if (new.details->completion_status == 'observation')}}Observing{{else}}Resolved{{/if}}"", ""resolved_at"": ""{{NOW()}}""}, ""entity_id"": ""{{new.parent_entity_id}}"", ""entity_name"": ""tickets"", ""entity_schema"": ""blueprint""}, ""priority"": 10, ""action_type"": ""update_entity""}, {""name"": ""Create Invoice for Paid Activity"", ""config"": {""payload"": {""name"": ""Invoice for {{new.parent_entity_id.display_id}}"", ""details"": {""task_id"": ""{{new.task_id}}"", ""due_date"": ""{{#addDays NOW 30}}"", ""line_items"": ""{{new.details->line_items}}"", ""service_date"": ""{{new.details->service_date}}"", ""total_amount"": ""{{new.details->total_amount}}"", ""service_report_id"": ""{{new.id}}""}, ""stage_id"": ""Draft"", ""account_id"": ""{{new.account_id}}"", ""organization_id"": ""{{new.organization_id}}"", ""parent_entity_id"": ""{{new.parent_entity_id}}"", ""parent_entity_type"": ""tickets""}, ""condition"": ""new.details->completion_status == 'paid_activity'"", ""entity_name"": ""invoices"", ""entity_schema"": ""blueprint""}, ""priority"": 20, ""action_type"": ""create_entity""}, {""name"": ""Complete Parent Task"", ""config"": {""payload"": {""stage_id"": ""Completed"", ""completed_at"": ""{{NOW()}}""}, ""entity_id"": ""{{new.task_id}}"", ""entity_name"": ""tasks"", ""entity_schema"": ""blueprint""}, ""priority"": 30, ""action_type"": ""update_entity""}, {""name"": ""Start Observation Period if Needed"", ""config"": {""payload"": {""details"": {""observation_started_at"": ""{{NOW()}}"", ""observation_period_hours"": ""{{new.details->observation_hours}}""}, ""stage_id"": ""Observing""}, ""condition"": ""new.details->completion_status == 'observation'"", ""entity_id"": ""{{new.parent_entity_id}}"", ""entity_name"": ""tickets"", ""entity_schema"": ""blueprint""}, ""priority"": 40, ""action_type"": ""update_entity""}]}, ""Rejected"": {""actions"": [{""name"": ""Notify Technician of Rejection"", ""config"": {""data"": {""report_id"": ""{{new.display_id}}"", ""ticket_id"": ""{{new.parent_entity_id.display_id}}"", ""rejection_reason"": ""{{new.details->rejection_notes}}""}, ""subject"": ""Service Report Rejected for {{new.parent_entity_id.display_id}}"", ""recipients"": {""to"": {""sources"": [{""id"": ""{{new.assignee_id}}"", ""type"": ""user""}]}}, ""template_id"": ""SR_REJECTED""}, ""priority"": 10, ""action_type"": ""send_notification""}]}, ""Submitted"": {""actions"": [{""name"": ""Notify Manager for Approval"", ""config"": {""data"": {""report_id"": ""{{new.display_id}}"", ""ticket_id"": ""{{new.parent_entity_id.display_id}}"", ""technician_name"": ""{{new.assignee_id.name}}"", ""auto_approval_time"": ""1 hour""}, ""subject"": ""Service Report Submitted for {{new.parent_entity_id.display_id}}"", ""recipients"": {""to"": {""sources"": [{""id"": ""{{new.assignee_id.manager_id}}"", ""type"": ""user""}]}}, ""template_id"": ""SR_APPROVAL_PENDING""}, ""priority"": 10, ""action_type"": ""send_notification""}]}}}, ""entity_type"": ""service_reports"", ""entity_schema"": ""esm"", ""blueprint_type"": ""lifecycle""}",1,true,{},2026-02-27 08:22:51.978404+00,2026-03-15 15:59:04.818859+00,,,lifecycle,ESM_SERVICE_REPORT
e0f8ddd9-d4ce-4840-bbde-ee45899835d8,,Service Request Flow,,esm,service_requests,"{""name"": ""Service Request Flow"", ""lifecycle"": {""stages"": [{""id"": ""new"", ""name"": ""New"", ""category"": ""NEW""}, {""id"": ""assigned"", ""name"": ""Assigned"", ""category"": ""CLOSED_WON""}, {""id"": ""pending"", ""name"": ""Pending"", ""category"": ""NEW""}, {""id"": ""resolved"", ""name"": ""Resolved"", ""category"": ""CLOSED_WON""}, {""id"": ""closed"", ""name"": ""Closed"", ""category"": ""IN_PROGRESS""}], ""transitions"": [], ""startStateId"": ""new""}, ""sla_rules"": [], ""automations"": {}, ""entity_type"": ""service_requests"", ""entity_schema"": ""esm"", ""blueprint_type"": ""lifecycle""}",2,false,{},2026-02-07 00:57:20.798953+00,2026-02-27 08:22:51.978404+00,,,lifecycle,SERVICE_REQUEST
b2c3d4e5-f6a7-48b9-10c1-121314151617,,Shipment Workflow,,ctrm,shipments,"{""name"": ""Shipment Workflow"", ""lifecycle"": {""stages"": [{""id"": ""pending"", ""name"": ""Pending"", ""category"": ""NEW""}, {""id"": ""loading"", ""name"": ""Loading"", ""category"": ""IN_PROGRESS""}, {""id"": ""at_sea"", ""name"": ""At Sea"", ""category"": ""IN_PROGRESS""}, {""id"": ""discharging"", ""name"": ""Discharging"", ""category"": ""IN_PROGRESS""}, {""id"": ""delivered"", ""name"": ""Delivered"", ""category"": ""CLOSED_WON""}, {""id"": ""cancelled"", ""name"": ""Cancelled"", ""category"": ""CANCELLED""}], ""transitions"": [{""to"": ""loading"", ""from"": ""pending"", ""action"": ""Start Loading""}, {""to"": ""at_sea"", ""from"": ""loading"", ""action"": ""Vessel Departed""}, {""to"": ""discharging"", ""from"": ""at_sea"", ""action"": ""Start Discharge""}, {""to"": ""delivered"", ""from"": ""discharging"", ""action"": ""Complete Delivery""}, {""to"": ""cancelled"", ""from"": ""pending"", ""action"": ""Cancel""}], ""startStateId"": ""pending""}, ""sla_rules"": [{""id"": ""SHIPMENT_LOADING_SLA"", ""name"": ""Shipment Loading SLA (24h)"", ""action"": {""name"": ""Notify Logistics Manager"", ""type"": ""send_email"", ""config"": {""subject"": ""SLA BREACH: Shipment {{new.display_id}} Loading Overdue"", ""recipients"": {""to"": {""sources"": [{""type"": ""direct"", ""expressions"": [""logistics-manager@zoworks.io""]}]}}, ""template_id"": ""sla-breach""}, ""priority"": 10}, ""description"": ""Shipment should not stay in loading for more than 24 hours"", ""check_frequency"": ""0 */4 * * *"", ""monitored_stages"": [""loading""], ""time_threshold_hours"": 24}, {""id"": ""SHIPMENT_AT_SEA_SLA"", ""name"": ""Shipment At Sea SLA (14d)"", ""action"": {""name"": ""Notify Logistics Team"", ""type"": ""send_email"", ""config"": {""subject"": ""Notice: Shipment {{new.display_id}} still At Sea after 14 days"", ""recipients"": {""to"": {""sources"": [{""type"": ""direct"", ""expressions"": [""logistics@zoworks.io""]}]}}, ""template_id"": ""sla-breach""}, ""priority"": 10}, ""description"": ""Maximum expected time at sea is 14 days"", ""check_frequency"": ""0 0 * * *"", ""monitored_stages"": [""at_sea""], ""time_threshold_hours"": 336}], ""automations"": {""on_stage_entry"": {""delivered"": {""actions"": [{""name"": ""Notify Customer of Delivery"", ""config"": {""subject"": ""Your Shipment {{new.display_id}} has been Delivered"", ""recipients"": {""to"": {""sources"": [{""type"": ""direct"", ""expressions"": [""{{new.customer_email}}""]}]}}, ""template_id"": ""ticket-acknowledge""}, ""priority"": 10, ""action_type"": ""send_email""}]}}}, ""entity_type"": ""shipments"", ""entity_schema"": ""ctrm"", ""blueprint_type"": ""lifecycle""}",3,true,{},2026-02-06 21:49:02.722558+00,2026-03-15 15:59:04.818859+00,,,lifecycle,LOGISTICS_SHIPMENT
41d4e158-8dca-4af5-befd-cb167d8f4e57,,tasks,tasks Lifecycle,blueprint,tasks,"{""name"": ""tasks"", ""lifecycle"": {""stages"": [{""id"": ""To_Do"", ""name"": ""To Do"", ""category"": ""NEW""}, {""id"": ""Scheduled"", ""name"": ""Scheduled"", ""category"": ""IN_PROGRESS""}, {""id"": ""In_Progress"", ""name"": ""In Progress"", ""category"": ""IN_PROGRESS""}, {""id"": ""On_Hold"", ""name"": ""On Hold"", ""category"": ""IN_PROGRESS""}, {""id"": ""Blocked"", ""name"": ""Blocked"", ""category"": ""IN_PROGRESS""}, {""id"": ""Completed"", ""name"": ""Completed"", ""category"": ""CLOSED_WON""}, {""id"": ""No_Contact"", ""name"": ""No Contact"", ""category"": ""CLOSED_LOST""}, {""id"": ""Failed"", ""name"": ""Failed"", ""category"": ""CLOSED_LOST""}, {""id"": ""Cancelled"", ""name"": ""Cancelled"", ""category"": ""CANCELLED""}], ""transitions"": [{""to"": ""Scheduled"", ""from"": ""To_Do"", ""label"": ""Schedule"", ""trigger"": ""manual"", ""applies_to_categories"": [""work_order"", ""preventive_maintenance""]}, {""to"": ""In_Progress"", ""from"": [""To_Do"", ""Scheduled""], ""label"": ""Start Work"", ""trigger"": ""manual"", ""applies_to_categories"": [""*""]}, {""to"": ""Completed"", ""from"": [""In_Progress"", ""Scheduled""], ""label"": ""Complete"", ""trigger"": ""manual"", ""applies_to_categories"": [""*""]}, {""to"": ""No_Contact"", ""from"": ""In_Progress"", ""label"": ""Mark No Contact"", ""trigger"": ""manual"", ""applies_to_categories"": [""crm_activity""]}, {""to"": ""Failed"", ""from"": ""In_Progress"", ""label"": ""Mark Failed"", ""trigger"": ""manual"", ""applies_to_categories"": [""work_order"", ""preventive_maintenance""]}, {""to"": ""On_Hold"", ""from"": [""To_Do"", ""Scheduled"", ""In_Progress""], ""label"": ""Put on Hold"", ""trigger"": ""manual"", ""applies_to_categories"": [""*""]}, {""to"": ""Blocked"", ""from"": [""To_Do"", ""Scheduled"", ""In_Progress""], ""label"": ""Mark Blocked"", ""trigger"": ""manual"", ""applies_to_categories"": [""*""]}, {""to"": ""In_Progress"", ""from"": [""On_Hold"", ""Blocked""], ""label"": ""Resume"", ""trigger"": ""manual"", ""applies_to_categories"": [""*""]}, {""to"": ""Cancelled"", ""from"": [""To_Do"", ""Scheduled"", ""In_Progress"", ""On_Hold"", ""Blocked""], ""label"": ""Cancel"", ""trigger"": ""manual"", ""applies_to_categories"": [""*""]}], ""startStateId"": ""To_Do""}, ""sla_rules"": [{""id"": ""TASK_OVERDUE"", ""name"": ""Task Overdue"", ""action"": {""name"": ""Notify Overdue Task"", ""type"": ""send_email"", ""config"": {""subject"": ""Task Overdue: {{new.display_id}}"", ""recipients"": {""to"": {""sources"": [{""id"": ""{{new.assignee_id}}"", ""type"": ""user""}, {""id"": ""{{new.assignee_id.manager_id}}"", ""type"": ""user""}]}}, ""template_id"": ""TASK_OVERDUE""}, ""priority"": 10}, ""conditions"": {""type"": ""AND"", ""rules"": [{""field"": ""new.event_end_at"", ""value"": ""NOW()"", ""operator"": ""less_than""}, {""field"": ""new.event_end_at"", ""operator"": ""is_not_null""}, {""field"": ""new.stage_id"", ""value"": ""Completed"", ""operator"": ""not_equals""}]}, ""description"": ""Alert if task not completed by scheduled end time"", ""check_frequency"": ""*/15 * * * *"", ""monitored_stages"": [""Scheduled"", ""In_Progress""], ""time_threshold_hours"": 1, ""applies_to_categories"": [""work_order"", ""preventive_maintenance""]}], ""automations"": {""on_stage_entry"": {""Completed"": {""notes"": ""additional approval actions for completed - mark as approved"", ""actions"": [{""name"": ""Update Service Report End Time"", ""config"": {""filter"": {""task_id"": ""{{new.id}}""}, ""payload"": {""details"": {""actual_end_at"": ""{{NOW()}}""}}, ""entity_name"": ""service_reports"", ""entity_schema"": ""blueprint""}, ""priority"": 10, ""action_type"": ""update_entity""}, {""name"": ""Propagate Approval Decision"", ""config"": {""payload"": {""stage_id"": ""Approved""}, ""entity_id"": ""{{new.parent_entity_id}}"", ""entity_name"": ""{{new.parent_entity_type}}"", ""entity_schema"": ""{{new.parent_entity_schema}}""}, ""priority"": 1, ""conditions"": {""type"": ""AND"", ""rules"": [{""field"": ""new.task_category"", ""value"": ""APPROVAL"", ""operator"": ""equals""}]}, ""action_type"": ""update_entity""}], ""applies_to_categories"": [""work_order"", ""preventive_maintenance"", ""APPROVAL""]}, ""Scheduled"": {""actions"": [{""name"": ""Create Draft Service Report"", ""config"": {""payload"": {""name"": ""Service Report for {{new.name}}"", ""task_id"": ""{{new.id}}""}, ""_payload"": {""name"": ""Service Report for {{new.name}}"", ""details"": {""service_type"": ""{{new.details->>service_type}}"", ""scheduled_date"": ""{{new.event_start_at}}""}, ""task_id"": ""{{new.id}}"", ""account_id"": ""{{new.account_id}}"", ""assignee_id"": ""{{new.assignee_id}}"", ""location_id"": ""{{new.location_id}}"", ""organization_id"": ""{{new.organization_id}}"", ""parent_entity_id"": ""{{new.parent_entity_id}}"", ""parent_entity_type"": ""tickets""}, ""entity_name"": ""service_reports"", ""entity_schema"": ""blueprint""}, ""priority"": 10, ""action_type"": ""create_entity"", ""run_asynchronous"": true}], ""applies_to_categories"": [""work_order"", ""preventive_maintenance""]}, ""In_Progress"": {""actions"": [{""name"": ""Log Work Start Time"", ""config"": {""payload"": {""start_at"": ""{{NOW()}}""}, ""entity_id"": ""{{new.id}}"", ""entity_name"": ""tasks"", ""entity_schema"": ""blueprint""}, ""priority"": 10, ""action_type"": ""update_entity""}, {""name"": ""Update Service Report Start Time"", ""config"": {""filter"": {""task_id"": ""{{new.id}}""}, ""payload"": {""details"": {""actual_start_at"": ""{{NOW()}}""}}, ""entity_name"": ""service_reports"", ""entity_schema"": ""blueprint""}, ""priority"": 20, ""action_type"": ""update_entity""}], ""applies_to_categories"": [""*""]}, ""__Completed"": {""actions"": [{""name"": ""Update Service Report End Time"", ""config"": {""filter"": {""task_id"": ""{{new.id}}""}, ""payload"": {""details"": {""actual_end_at"": ""{{NOW()}}""}}, ""entity_name"": ""service_reports"", ""entity_schema"": ""blueprint""}, ""priority"": 10, ""action_type"": ""update_entity""}], ""applies_to_categories"": [""work_order"", ""preventive_maintenance""]}}}, ""entity_type"": ""tasks"", ""entity_schema"": ""blueprint"", ""blueprint_type"": ""lifecycle""}",11,true,"{""changes"": [""Added metadat magic""], ""compiled_at"": null, ""last_sync_update"": ""2025-11-07T00:00:00Z"", ""replaces_version"": 9}",2025-12-08 23:59:14.154656+00,2026-03-15 15:59:04.818859+00,6ba504d2-65b7-4018-b8a1-323dd686996c,6ba504d2-65b7-4018-b8a1-323dd686996c,lifecycle,OPS_GENERAL_TASK
5fb15aa3-30fa-4f4c-9ddf-32ad1d7ad168,,tickets,tickets Lifecycle,blueprint,tickets,"{""name"": ""tickets"", ""lifecycle"": {""stages"": [{""id"": ""New"", ""name"": ""New"", ""category"": ""NEW""}, {""id"": ""Triage"", ""name"": ""Triage"", ""category"": ""IN_PROGRESS""}, {""id"": ""Awaiting Info"", ""name"": ""Awaiting Info"", ""category"": ""IN_PROGRESS""}, {""id"": ""Assigned"", ""name"": ""Assigned"", ""category"": ""IN_PROGRESS""}, {""id"": ""Scheduled"", ""name"": ""Scheduled"", ""category"": ""IN_PROGRESS""}, {""id"": ""In Progress"", ""name"": ""In Progress"", ""category"": ""IN_PROGRESS""}, {""id"": ""Resolved"", ""name"": ""Resolved"", ""category"": ""IN_PROGRESS""}, {""id"": ""Parts Pending"", ""name"": ""Parts Pending"", ""category"": ""IN_PROGRESS""}, {""id"": ""Observing"", ""name"": ""Observing"", ""category"": ""IN_PROGRESS""}, {""id"": ""Invoiced"", ""name"": ""Invoiced"", ""category"": ""IN_PROGRESS""}, {""id"": ""Completed"", ""name"": ""Completed"", ""category"": ""CLOSED_WON""}, {""id"": ""On Hold"", ""name"": ""On Hold"", ""category"": ""IN_PROGRESS""}, {""id"": ""Cancelled"", ""name"": ""Cancelled"", ""category"": ""CANCELLED""}], ""transitions"": [{""to"": ""Triage"", ""from"": ""New"", ""label"": ""Start Triage"", ""trigger"": ""manual""}, {""to"": ""Awaiting Info"", ""from"": ""Triage"", ""label"": ""Request Info"", ""trigger"": ""manual""}, {""to"": ""Triage"", ""from"": ""Awaiting Info"", ""label"": ""Info Received"", ""trigger"": ""manual""}, {""to"": ""Assigned"", ""from"": ""Triage"", ""label"": ""Assign Tech"", ""trigger"": ""manual""}, {""to"": ""Scheduled"", ""from"": ""Assigned"", ""label"": ""Schedule Visit"", ""trigger"": ""manual""}, {""to"": ""Scheduled"", ""from"": ""Triage"", ""label"": ""Assign & Schedule"", ""trigger"": ""manual""}, {""to"": ""In Progress"", ""from"": ""Scheduled"", ""label"": ""Work Started"", ""trigger"": ""manual""}, {""to"": ""Resolved"", ""from"": ""In Progress"", ""label"": ""Submit Report"", ""trigger"": ""manual""}, {""to"": ""Completed"", ""from"": ""Resolved"", ""label"": ""Close Ticket"", ""trigger"": ""manual""}, {""to"": ""Parts Pending"", ""from"": ""Resolved"", ""label"": ""Parts Needed"", ""trigger"": ""manual""}, {""to"": ""Observing"", ""from"": ""Resolved"", ""label"": ""Monitor Issue"", ""trigger"": ""manual""}, {""to"": ""Invoiced"", ""from"": ""Resolved"", ""label"": ""Generate Invoice"", ""trigger"": ""manual""}, {""to"": ""Completed"", ""from"": ""Observing"", ""label"": ""Auto-Close"", ""trigger"": ""automatic""}, {""to"": ""Scheduled"", ""from"": ""Parts Pending"", ""label"": ""Schedule Follow-up"", ""trigger"": ""manual""}, {""to"": ""Completed"", ""from"": ""Invoiced"", ""label"": ""Payment Received"", ""trigger"": ""manual""}, {""to"": ""On Hold"", ""from"": [""Triage"", ""Awaiting Info"", ""Assigned"", ""Scheduled""], ""label"": ""Hold"", ""trigger"": ""manual""}, {""to"": ""Triage"", ""from"": ""On Hold"", ""label"": ""Resume"", ""trigger"": ""manual""}, {""to"": ""Cancelled"", ""from"": [""New"", ""Triage"", ""Awaiting Info"", ""Assigned"", ""Scheduled"", ""On Hold""], ""label"": ""Cancel"", ""trigger"": ""manual""}], ""startStateId"": ""New""}, ""sla_rules"": [{""id"": ""UNSCHEDULED_5M"", ""name"": ""Unscheduled - 5m"", ""action"": {""name"": ""Notify Level 1"", ""type"": ""send_email"", ""config"": {""subject"": ""SLA Alert: {{new.display_id}} Unscheduled (5m)"", ""recipients"": {""to"": {""sources"": [{""id"": ""{{new.assignee_id}}"", ""type"": ""user""}, {""id"": ""{{new.assignee_id.manager_id}}"", ""type"": ""user""}]}}, ""template_id"": ""sla-breach""}, ""priority"": 10}, ""on_breach"": {""update_entity"": {""field"": ""escalation_level"", ""value"": 1}}, ""conditions"": {""type"": ""AND"", ""rules"": [{""field"": ""new.details->>scheduled_start_time"", ""operator"": ""is_null""}, {""field"": ""new.escalation_level"", ""value"": 0, ""operator"": ""equals""}]}, ""description"": ""Alert after 5 minutes if ticket not scheduled"", ""check_frequency"": ""*/2 * * * *"", ""monitored_stages"": [""New"", ""Triage"", ""Assigned""], ""time_threshold_hours"": 0.083}, {""id"": ""UNSCHEDULED_15M"", ""name"": ""Unscheduled - 15m"", ""action"": {""name"": ""Notify Level 2"", ""type"": ""send_email"", ""config"": {""subject"": ""URGENT: {{new.display_id}} Unscheduled (15m)"", ""recipients"": {""to"": {""sources"": [{""id"": ""{{new.assignee_id}}"", ""type"": ""user""}, {""id"": ""{{new.assignee_id.manager_id}}"", ""type"": ""user""}, {""type"": ""role"", ""role_name"": ""Branch Manager"", ""scope_field"": ""location_id""}]}}, ""template_id"": ""sla-breach""}, ""priority"": 20}, ""on_breach"": {""update_entity"": {""field"": ""escalation_level"", ""value"": 2}}, ""conditions"": {""type"": ""AND"", ""rules"": [{""field"": ""new.details->>scheduled_start_time"", ""operator"": ""is_null""}, {""field"": ""new.escalation_level"", ""value"": 1, ""operator"": ""equals""}]}, ""description"": ""Escalate after 15 minutes if ticket not scheduled"", ""check_frequency"": ""*/5 * * * *"", ""monitored_stages"": [""New"", ""Triage"", ""Assigned""], ""time_threshold_hours"": 0.25}, {""id"": ""UNSCHEDULED_1H"", ""name"": ""Unscheduled - 1h"", ""action"": {""name"": ""Notify Level 3"", ""type"": ""send_email"", ""config"": {""subject"": ""CRITICAL: {{new.display_id}} Unscheduled (1h)"", ""recipients"": {""to"": {""sources"": [{""id"": ""{{new.assignee_id}}"", ""type"": ""user""}, {""id"": ""{{new.assignee_id.manager_id}}"", ""type"": ""user""}, {""type"": ""role"", ""role_name"": ""Branch Manager""}]}}, ""template_id"": ""sla-breach""}, ""priority"": 30}, ""on_breach"": {""update_entity"": {""field"": ""escalation_level"", ""value"": 3}}, ""conditions"": {""type"": ""AND"", ""rules"": [{""field"": ""new.details->>scheduled_start_time"", ""operator"": ""is_null""}, {""field"": ""new.escalation_level"", ""value"": 2, ""operator"": ""equals""}]}, ""description"": ""Critical escalation after 1 hour"", ""check_frequency"": ""*/15 * * * *"", ""monitored_stages"": [""New"", ""Triage"", ""Assigned""], ""time_threshold_hours"": 1}, {""id"": ""AUTO_CLOSE_OBSERVATION_24H"", ""name"": ""Auto-Close 24H Observation"", ""action"": {""name"": ""Auto-Close 24H Observation"", ""type"": ""update_entity"", ""config"": {""payload"": {""details"": {""auto_closed_observation"": true, ""observation_completed_at"": ""{{NOW()}}""}, ""stage_id"": ""Completed""}, ""entity_id"": ""{{new.id}}"", ""entity_name"": ""tickets"", ""entity_schema"": ""blueprint""}, ""priority"": 10}, ""conditions"": {""type"": ""AND"", ""rules"": [{""field"": ""new.stage_id"", ""value"": ""Observing"", ""operator"": ""equals""}, {""field"": ""new.details->>observation_period_hours"", ""value"": ""24"", ""operator"": ""equals""}, {""field"": ""esm.updated_at"", ""value"": 24, ""operator"": ""hours_ago""}]}, ""description"": ""Auto-close tickets after 24h observation period"", ""check_frequency"": ""0 */4 * * *"", ""monitored_stages"": [""Observing""], ""time_threshold_hours"": 0}, {""id"": ""AUTO_CLOSE_OBSERVATION_48H"", ""name"": ""Auto-Close 48H Observation"", ""action"": {""name"": ""Auto-Close 48H Observation"", ""type"": ""update_entity"", ""config"": {""payload"": {""details"": {""auto_closed_observation"": true, ""observation_completed_at"": ""{{NOW()}}""}, ""stage_id"": ""Completed""}, ""entity_id"": ""{{new.id}}"", ""entity_name"": ""tickets"", ""entity_schema"": ""blueprint""}, ""priority"": 10}, ""conditions"": {""type"": ""AND"", ""rules"": [{""field"": ""new.stage_id"", ""value"": ""Observing"", ""operator"": ""equals""}, {""field"": ""new.details->>observation_period_hours"", ""value"": ""48"", ""operator"": ""equals""}, {""field"": ""esm.updated_at"", ""value"": 48, ""operator"": ""hours_ago""}]}, ""description"": ""Auto-close tickets after 48h observation period"", ""check_frequency"": ""0 */6 * * *"", ""monitored_stages"": [""Observing""], ""time_threshold_hours"": 0}], ""automations"": {""on_stage_entry"": {""New"": {""actions"": [{""name"": ""Acknowledge New Ticket to Customer"", ""config"": {""recipients"": {""to"": {""sources"": [{""type"": ""direct"", ""expressions"": [""{{new.receivers.emails}}""]}]}}, ""template_id"": ""ticket-acknowledge""}, ""priority"": 10, ""action_type"": ""send_email""}]}, ""Scheduled"": {""actions"": [{""name"": ""Create Work Order Task"", ""config"": {""payload"": {""name"": ""Work Order for {{new.display_id}}: {{new.subject}}"", ""stage_id"": ""Scheduled"", ""origin_id"": ""{{ENUM:task_origin:Automation}}"", ""task_type"": ""{{ENUM:task_type:Work Order}}"", ""assignee_id"": ""{{new.field_agent_id}}"", ""description"": ""{{new.details->>description}}"", ""event_end_at"": ""{{new.details->>scheduled_end_time}}"", ""task_category"": ""work_order"", ""event_start_at"": ""{{new.details->>schedule}}""}, ""_payload"": {""name"": ""Work Order for {{new.display_id}}: {{new.subject}}"", ""asset_id"": ""{{new.asset_id}}"", ""stage_id"": ""Scheduled"", ""account_id"": ""{{new.account_id}}"", ""assignee_id"": ""{{new.field_agent_id}}"", ""description"": ""{{new.details->>description}}"", ""location_id"": ""{{new.location_id}}"", ""event_end_at"": ""{{new.details->>scheduled_end_time}}"", ""task_category"": ""work_order"", ""event_start_at"": ""{{new.details->>scheduled_start_time}}"", ""organization_id"": ""{{new.organization_id}}"", ""parent_entity_id"": ""{{new.id}}"", ""parent_entity_type"": ""tickets"", ""parent_entity_schema"": ""blueprint""}, ""entity_name"": ""tasks"", ""entity_schema"": ""blueprint""}, ""priority"": 10, ""action_type"": ""create_entity""}, {""name"": ""Notify Customer & Technician of Schedule"", ""config"": {""recipients"": {""cc"": {""sources"": [{""id"": ""{{new.field_agent_id}}"", ""type"": ""user""}]}, ""to"": {""sources"": [{""type"": ""direct"", ""expressions"": [""{{new.receivers.emails}}""]}]}}, ""template_id"": ""ticket-scheduled""}, ""priority"": 20, ""action_type"": ""send_email""}]}}}, ""entity_type"": ""tickets"", ""entity_schema"": ""blueprint"", ""blueprint_type"": ""lifecycle""}",10,true,"{""changes"": [""Added metadat magic""], ""compiled_at"": null, ""last_sync_update"": ""2025-11-07T00:00:00Z"", ""replaces_version"": 8}",2025-11-10 13:11:52.580334+00,2026-03-15 15:59:04.818859+00,6ba504d2-65b7-4018-b8a1-323dd686996c,6ba504d2-65b7-4018-b8a1-323dd686996c,lifecycle,CUSTOMER_SUPPORT
6dea58b9-8e69-4f8b-8245-ab715512f73b,,ESM Tickets,ESM Ticket lifecycle — duplicated from blueprint.tickets,esm,tickets,"{""name"": ""tickets"", ""lifecycle"": {""stages"": [{""id"": ""New"", ""name"": ""New"", ""category"": ""NEW""}, {""id"": ""Triage"", ""name"": ""Triage"", ""category"": ""IN_PROGRESS""}, {""id"": ""Awaiting Info"", ""name"": ""Awaiting Info"", ""category"": ""IN_PROGRESS""}, {""id"": ""Assigned"", ""name"": ""Assigned"", ""category"": ""IN_PROGRESS""}, {""id"": ""Scheduled"", ""name"": ""Scheduled"", ""category"": ""IN_PROGRESS""}, {""id"": ""In Progress"", ""name"": ""In Progress"", ""category"": ""IN_PROGRESS""}, {""id"": ""Resolved"", ""name"": ""Resolved"", ""category"": ""IN_PROGRESS""}, {""id"": ""Parts Pending"", ""name"": ""Parts Pending"", ""category"": ""IN_PROGRESS""}, {""id"": ""Observing"", ""name"": ""Observing"", ""category"": ""IN_PROGRESS""}, {""id"": ""Invoiced"", ""name"": ""Invoiced"", ""category"": ""IN_PROGRESS""}, {""id"": ""Completed"", ""name"": ""Completed"", ""category"": ""CLOSED_WON""}, {""id"": ""On Hold"", ""name"": ""On Hold"", ""category"": ""IN_PROGRESS""}, {""id"": ""Cancelled"", ""name"": ""Cancelled"", ""category"": ""CANCELLED""}], ""transitions"": [{""to"": ""Triage"", ""from"": ""New"", ""label"": ""Start Triage"", ""trigger"": ""manual""}, {""to"": ""Awaiting Info"", ""from"": ""Triage"", ""label"": ""Request Info"", ""trigger"": ""manual""}, {""to"": ""Triage"", ""from"": ""Awaiting Info"", ""label"": ""Info Received"", ""trigger"": ""manual""}, {""to"": ""Assigned"", ""from"": ""Triage"", ""label"": ""Assign Tech"", ""trigger"": ""manual""}, {""to"": ""Scheduled"", ""from"": ""Assigned"", ""label"": ""Schedule Visit"", ""trigger"": ""manual""}, {""to"": ""Scheduled"", ""from"": ""Triage"", ""label"": ""Assign & Schedule"", ""trigger"": ""manual""}, {""to"": ""In Progress"", ""from"": ""Scheduled"", ""label"": ""Work Started"", ""trigger"": ""manual""}, {""to"": ""Resolved"", ""from"": ""In Progress"", ""label"": ""Submit Report"", ""trigger"": ""manual""}, {""to"": ""Completed"", ""from"": ""Resolved"", ""label"": ""Close Ticket"", ""trigger"": ""manual""}, {""to"": ""Parts Pending"", ""from"": ""Resolved"", ""label"": ""Parts Needed"", ""trigger"": ""manual""}, {""to"": ""Observing"", ""from"": ""Resolved"", ""label"": ""Monitor Issue"", ""trigger"": ""manual""}, {""to"": ""Invoiced"", ""from"": ""Resolved"", ""label"": ""Generate Invoice"", ""trigger"": ""manual""}, {""to"": ""Completed"", ""from"": ""Observing"", ""label"": ""Auto-Close"", ""trigger"": ""automatic""}, {""to"": ""Scheduled"", ""from"": ""Parts Pending"", ""label"": ""Schedule Follow-up"", ""trigger"": ""manual""}, {""to"": ""Completed"", ""from"": ""Invoiced"", ""label"": ""Payment Received"", ""trigger"": ""manual""}, {""to"": ""On Hold"", ""from"": [""Triage"", ""Awaiting Info"", ""Assigned"", ""Scheduled""], ""label"": ""Hold"", ""trigger"": ""manual""}, {""to"": ""Triage"", ""from"": ""On Hold"", ""label"": ""Resume"", ""trigger"": ""manual""}, {""to"": ""Cancelled"", ""from"": [""New"", ""Triage"", ""Awaiting Info"", ""Assigned"", ""Scheduled"", ""On Hold""], ""label"": ""Cancel"", ""trigger"": ""manual""}], ""startStateId"": ""New""}, ""sla_rules"": [{""id"": ""UNSCHEDULED_5M"", ""name"": ""Unscheduled - 5m"", ""action"": {""name"": ""Notify Level 1"", ""type"": ""send_email"", ""config"": {""subject"": ""SLA Alert: {{new.display_id}} Unscheduled (5m)"", ""recipients"": {""to"": {""sources"": [{""id"": ""{{new.assignee_id}}"", ""type"": ""user""}, {""id"": ""{{new.assignee_id.manager_id}}"", ""type"": ""user""}]}}, ""template_id"": ""sla-breach""}, ""priority"": 10}, ""on_breach"": {""update_entity"": {""field"": ""escalation_level"", ""value"": 1}}, ""conditions"": {""type"": ""AND"", ""rules"": [{""field"": ""new.details->>scheduled_start_time"", ""operator"": ""is_null""}, {""field"": ""new.escalation_level"", ""value"": 0, ""operator"": ""equals""}]}, ""description"": ""Alert after 5 minutes if ticket not scheduled"", ""check_frequency"": ""*/2 * * * *"", ""monitored_stages"": [""New"", ""Triage"", ""Assigned""], ""time_threshold_hours"": 0.083}, {""id"": ""UNSCHEDULED_15M"", ""name"": ""Unscheduled - 15m"", ""action"": {""name"": ""Notify Level 2"", ""type"": ""send_email"", ""config"": {""subject"": ""URGENT: {{new.display_id}} Unscheduled (15m)"", ""recipients"": {""to"": {""sources"": [{""id"": ""{{new.assignee_id}}"", ""type"": ""user""}, {""id"": ""{{new.assignee_id.manager_id}}"", ""type"": ""user""}, {""type"": ""role"", ""role_name"": ""Branch Manager"", ""scope_field"": ""location_id""}]}}, ""template_id"": ""sla-breach""}, ""priority"": 20}, ""on_breach"": {""update_entity"": {""field"": ""escalation_level"", ""value"": 2}}, ""conditions"": {""type"": ""AND"", ""rules"": [{""field"": ""new.details->>scheduled_start_time"", ""operator"": ""is_null""}, {""field"": ""new.escalation_level"", ""value"": 1, ""operator"": ""equals""}]}, ""description"": ""Escalate after 15 minutes if ticket not scheduled"", ""check_frequency"": ""*/5 * * * *"", ""monitored_stages"": [""New"", ""Triage"", ""Assigned""], ""time_threshold_hours"": 0.25}, {""id"": ""UNSCHEDULED_1H"", ""name"": ""Unscheduled - 1h"", ""action"": {""name"": ""Notify Level 3"", ""type"": ""send_email"", ""config"": {""subject"": ""CRITICAL: {{new.display_id}} Unscheduled (1h)"", ""recipients"": {""to"": {""sources"": [{""id"": ""{{new.assignee_id}}"", ""type"": ""user""}, {""id"": ""{{new.assignee_id.manager_id}}"", ""type"": ""user""}, {""type"": ""role"", ""role_name"": ""Branch Manager""}]}}, ""template_id"": ""sla-breach""}, ""priority"": 30}, ""on_breach"": {""update_entity"": {""field"": ""escalation_level"", ""value"": 3}}, ""conditions"": {""type"": ""AND"", ""rules"": [{""field"": ""new.details->>scheduled_start_time"", ""operator"": ""is_null""}, {""field"": ""new.escalation_level"", ""value"": 2, ""operator"": ""equals""}]}, ""description"": ""Critical escalation after 1 hour"", ""check_frequency"": ""*/15 * * * *"", ""monitored_stages"": [""New"", ""Triage"", ""Assigned""], ""time_threshold_hours"": 1}, {""id"": ""AUTO_CLOSE_OBSERVATION_24H"", ""name"": ""Auto-Close 24H Observation"", ""action"": {""name"": ""Auto-Close 24H Observation"", ""type"": ""update_entity"", ""config"": {""payload"": {""details"": {""auto_closed_observation"": true, ""observation_completed_at"": ""{{NOW()}}""}, ""stage_id"": ""Completed""}, ""entity_id"": ""{{new.id}}"", ""entity_name"": ""tickets"", ""entity_schema"": ""blueprint""}, ""priority"": 10}, ""conditions"": {""type"": ""AND"", ""rules"": [{""field"": ""new.stage_id"", ""value"": ""Observing"", ""operator"": ""equals""}, {""field"": ""new.details->>observation_period_hours"", ""value"": ""24"", ""operator"": ""equals""}, {""field"": ""esm.updated_at"", ""value"": 24, ""operator"": ""hours_ago""}]}, ""description"": ""Auto-close tickets after 24h observation period"", ""check_frequency"": ""0 */4 * * *"", ""monitored_stages"": [""Observing""], ""time_threshold_hours"": 0}, {""id"": ""AUTO_CLOSE_OBSERVATION_48H"", ""name"": ""Auto-Close 48H Observation"", ""action"": {""name"": ""Auto-Close 48H Observation"", ""type"": ""update_entity"", ""config"": {""payload"": {""details"": {""auto_closed_observation"": true, ""observation_completed_at"": ""{{NOW()}}""}, ""stage_id"": ""Completed""}, ""entity_id"": ""{{new.id}}"", ""entity_name"": ""tickets"", ""entity_schema"": ""blueprint""}, ""priority"": 10}, ""conditions"": {""type"": ""AND"", ""rules"": [{""field"": ""new.stage_id"", ""value"": ""Observing"", ""operator"": ""equals""}, {""field"": ""new.details->>observation_period_hours"", ""value"": ""48"", ""operator"": ""equals""}, {""field"": ""esm.updated_at"", ""value"": 48, ""operator"": ""hours_ago""}]}, ""description"": ""Auto-close tickets after 48h observation period"", ""check_frequency"": ""0 */6 * * *"", ""monitored_stages"": [""Observing""], ""time_threshold_hours"": 0}], ""automations"": {""on_stage_entry"": {""New"": {""actions"": [{""name"": ""Acknowledge New Ticket to Customer"", ""config"": {""recipients"": {""to"": {""sources"": [{""type"": ""direct"", ""expressions"": [""{{new.receivers.emails}}""]}]}}, ""template_id"": ""ticket-acknowledge""}, ""priority"": 10, ""action_type"": ""send_email""}]}, ""Scheduled"": {""actions"": [{""name"": ""Create Work Order Task"", ""config"": {""payload"": {""name"": ""Work Order for {{new.display_id}}: {{new.subject}}"", ""stage_id"": ""Scheduled"", ""origin_id"": ""{{ENUM:task_origin:Automation}}"", ""task_type"": ""{{ENUM:task_type:Work Order}}"", ""assignee_id"": ""{{new.field_agent_id}}"", ""description"": ""{{new.details->>description}}"", ""event_end_at"": ""{{new.details->>scheduled_end_time}}"", ""task_category"": ""work_order"", ""event_start_at"": ""{{new.details->>schedule}}""}, ""_payload"": {""name"": ""Work Order for {{new.display_id}}: {{new.subject}}"", ""asset_id"": ""{{new.asset_id}}"", ""stage_id"": ""Scheduled"", ""account_id"": ""{{new.account_id}}"", ""assignee_id"": ""{{new.field_agent_id}}"", ""description"": ""{{new.details->>description}}"", ""location_id"": ""{{new.location_id}}"", ""event_end_at"": ""{{new.details->>scheduled_end_time}}"", ""task_category"": ""work_order"", ""event_start_at"": ""{{new.details->>scheduled_start_time}}"", ""organization_id"": ""{{new.organization_id}}"", ""parent_entity_id"": ""{{new.id}}"", ""parent_entity_type"": ""tickets"", ""parent_entity_schema"": ""blueprint""}, ""entity_name"": ""tasks"", ""entity_schema"": ""blueprint""}, ""priority"": 10, ""action_type"": ""create_entity""}, {""name"": ""Notify Customer & Technician of Schedule"", ""config"": {""recipients"": {""cc"": {""sources"": [{""id"": ""{{new.field_agent_id}}"", ""type"": ""user""}]}, ""to"": {""sources"": [{""type"": ""direct"", ""expressions"": [""{{new.receivers.emails}}""]}]}}, ""template_id"": ""ticket-scheduled""}, ""priority"": 20, ""action_type"": ""send_email""}]}}}, ""entity_type"": ""tickets"", ""entity_schema"": ""esm"", ""blueprint_type"": ""lifecycle""}",1,true,{},2026-02-27 08:22:51.978404+00,2026-03-15 15:59:04.818859+00,,,lifecycle,ESM_TICKET
e53b7272-79e5-4c00-bc7f-fcbe04273883,,High Precision Timesheet Approval,,workforce,timesheets,"{""name"": ""High Precision Timesheet Approval"", ""lifecycle"": {""stages"": [{""id"": ""Draft"", ""name"": ""Draft"", ""category"": ""NEW""}, {""id"": ""Submitted"", ""name"": ""Submitted"", ""category"": ""IN_PROGRESS""}, {""id"": ""Approved"", ""name"": ""Approved"", ""category"": ""CLOSED_WON""}, {""id"": ""Rejected"", ""name"": ""Rejected"", ""category"": ""CLOSED_LOST""}], ""transitions"": [{""id"": ""T_SUBMIT"", ""to"": ""Submitted"", ""from"": ""Draft""}, {""id"": ""T_APPROVE"", ""to"": ""Approved"", ""from"": ""Submitted"", ""name"": ""Approve Timesheet""}, {""id"": ""T_REJECT"", ""to"": ""Rejected"", ""from"": ""Submitted"", ""name"": ""Reject Timesheet""}, {""id"": ""T_REOPEN"", ""to"": ""Draft"", ""from"": ""Rejected""}], ""startStateId"": ""Draft""}, ""sla_rules"": [{""id"": ""TIMESHEET_APPROVAL_SLA"", ""name"": ""Timesheet Approval SLA (48h)"", ""action"": {""name"": ""Notify Manager of Overdue Timesheet"", ""type"": ""send_email"", ""config"": {""subject"": ""URGENT: Timesheet {{new.display_id}} Approval Overdue"", ""recipients"": {""to"": {""sources"": [{""id"": ""{{new.owner_id.manager_id}}"", ""type"": ""user""}]}}, ""template_id"": ""TASK_OVERDUE""}, ""priority"": 10}, ""description"": ""Timesheets must be approved within 48 hours of submission"", ""check_frequency"": ""0 0 * * *"", ""monitored_stages"": [""Submitted""], ""time_threshold_hours"": 48}], ""automations"": {""on_stage_entry"": {""Approved"": {""actions"": [{""type"": ""RPC"", ""config"": {""rpc"": ""workforce.proc_timesheet_reconcile_usage"", ""args"": {""p_timesheet_id"": ""{{id}}""}}}]}, ""Rejected"": {""actions"": [{""type"": ""RPC"", ""config"": {""rpc"": ""workforce.util_ledger_reverse"", ""args"": {""p_ref_key"": ""timesheet_id"", ""p_ref_value"": ""{{id}}"", ""p_table_name"": ""timesheet_ledger""}}}]}}}, ""entity_type"": ""timesheets"", ""entity_schema"": ""workforce"", ""blueprint_type"": ""approval""}",6,true,{},2026-01-05 11:33:41.312676+00,2026-03-11 03:05:13.842096+00,,,approval,GOVERNANCE_APPROVAL
a1b2c3d4-e5f6-47a8-9b10-111213141516,,Trade Lifecycle,,ctrm,trades,"{""name"": ""Trade Lifecycle"", ""lifecycle"": {""stages"": [{""id"": ""draft"", ""name"": ""Draft"", ""category"": ""NEW""}, {""id"": ""confirmed"", ""name"": ""Confirmed"", ""category"": ""IN_PROGRESS""}, {""id"": ""settled"", ""name"": ""Settled"", ""category"": ""IN_PROGRESS""}, {""id"": ""cancelled"", ""name"": ""Cancelled"", ""category"": ""CANCELLED""}], ""transitions"": [{""to"": ""confirmed"", ""from"": ""draft"", ""action"": ""Confirm Trade""}, {""to"": ""settled"", ""from"": ""confirmed"", ""action"": ""Settle Trade""}, {""to"": ""cancelled"", ""from"": ""draft"", ""action"": ""Cancel""}, {""to"": ""cancelled"", ""from"": ""confirmed"", ""action"": ""Cancel""}], ""startStateId"": ""draft""}, ""sla_rules"": [], ""automations"": {}, ""entity_type"": ""trades"", ""entity_schema"": ""ctrm"", ""blueprint_type"": ""lifecycle""}",2,true,{},2026-02-06 21:49:02.722558+00,2026-03-15 15:59:04.818859+00,,,lifecycle,TRADING_LIFECYCLE
00000000-0000-0000-c002-000000000003,,Vendor Vetting Process,Standard Supplier Vetting Process,procurement,vendors,"{""name"": ""Supplier Vetting Process"", ""lifecycle"": {""stages"": [{""id"": ""Vetting"", ""name"": ""Under Vetting"", ""category"": ""IN_PROGRESS""}, {""id"": ""Approved"", ""name"": ""Approved Supplier"", ""category"": ""CLOSED_WON""}, {""id"": ""Blacklisted"", ""name"": ""Blacklisted"", ""category"": ""CLOSED_LOST""}], ""transitions"": [], ""startStateId"": ""Vetting""}, ""sla_rules"": [], ""automations"": {}, ""entity_type"": ""suppliers"", ""entity_schema"": ""crm"", ""blueprint_type"": ""lifecycle""}",3,true,{},2026-02-07 11:59:25.200039+00,2026-03-15 15:59:04.818859+00,,,lifecycle,PURCHASING_VENDOR
dc040aa2-a077-4abe-b62d-fb9a23c676e5,,ESM Work Orders,ESM Work Order lifecycle — duplicated from blueprint.tasks,esm,work_orders,"{""name"": ""tasks"", ""lifecycle"": {""stages"": [{""id"": ""To_Do"", ""name"": ""To Do"", ""category"": ""NEW""}, {""id"": ""Scheduled"", ""name"": ""Scheduled"", ""category"": ""IN_PROGRESS""}, {""id"": ""In_Progress"", ""name"": ""In Progress"", ""category"": ""IN_PROGRESS""}, {""id"": ""On_Hold"", ""name"": ""On Hold"", ""category"": ""IN_PROGRESS""}, {""id"": ""Blocked"", ""name"": ""Blocked"", ""category"": ""IN_PROGRESS""}, {""id"": ""Completed"", ""name"": ""Completed"", ""category"": ""CLOSED_WON""}, {""id"": ""No_Contact"", ""name"": ""No Contact"", ""category"": ""CLOSED_LOST""}, {""id"": ""Failed"", ""name"": ""Failed"", ""category"": ""CLOSED_LOST""}, {""id"": ""Cancelled"", ""name"": ""Cancelled"", ""category"": ""CANCELLED""}], ""transitions"": [{""to"": ""Scheduled"", ""from"": ""To_Do"", ""label"": ""Schedule"", ""trigger"": ""manual"", ""applies_to_categories"": [""work_order"", ""preventive_maintenance""]}, {""to"": ""In_Progress"", ""from"": [""To_Do"", ""Scheduled""], ""label"": ""Start Work"", ""trigger"": ""manual"", ""applies_to_categories"": [""*""]}, {""to"": ""Completed"", ""from"": [""In_Progress"", ""Scheduled""], ""label"": ""Complete"", ""trigger"": ""manual"", ""applies_to_categories"": [""*""]}, {""to"": ""No_Contact"", ""from"": ""In_Progress"", ""label"": ""Mark No Contact"", ""trigger"": ""manual"", ""applies_to_categories"": [""crm_activity""]}, {""to"": ""Failed"", ""from"": ""In_Progress"", ""label"": ""Mark Failed"", ""trigger"": ""manual"", ""applies_to_categories"": [""work_order"", ""preventive_maintenance""]}, {""to"": ""On_Hold"", ""from"": [""To_Do"", ""Scheduled"", ""In_Progress""], ""label"": ""Put on Hold"", ""trigger"": ""manual"", ""applies_to_categories"": [""*""]}, {""to"": ""Blocked"", ""from"": [""To_Do"", ""Scheduled"", ""In_Progress""], ""label"": ""Mark Blocked"", ""trigger"": ""manual"", ""applies_to_categories"": [""*""]}, {""to"": ""In_Progress"", ""from"": [""On_Hold"", ""Blocked""], ""label"": ""Resume"", ""trigger"": ""manual"", ""applies_to_categories"": [""*""]}, {""to"": ""Cancelled"", ""from"": [""To_Do"", ""Scheduled"", ""In_Progress"", ""On_Hold"", ""Blocked""], ""label"": ""Cancel"", ""trigger"": ""manual"", ""applies_to_categories"": [""*""]}], ""startStateId"": ""To_Do""}, ""sla_rules"": [{""id"": ""TASK_OVERDUE"", ""name"": ""Task Overdue"", ""action"": {""name"": ""Notify Overdue Task"", ""type"": ""send_email"", ""config"": {""subject"": ""Task Overdue: {{new.display_id}}"", ""recipients"": {""to"": {""sources"": [{""id"": ""{{new.assignee_id}}"", ""type"": ""user""}, {""id"": ""{{new.assignee_id.manager_id}}"", ""type"": ""user""}]}}, ""template_id"": ""TASK_OVERDUE""}, ""priority"": 10}, ""conditions"": {""type"": ""AND"", ""rules"": [{""field"": ""new.event_end_at"", ""value"": ""NOW()"", ""operator"": ""less_than""}, {""field"": ""new.event_end_at"", ""operator"": ""is_not_null""}, {""field"": ""new.stage_id"", ""value"": ""Completed"", ""operator"": ""not_equals""}]}, ""description"": ""Alert if task not completed by scheduled end time"", ""check_frequency"": ""*/15 * * * *"", ""monitored_stages"": [""Scheduled"", ""In_Progress""], ""time_threshold_hours"": 1, ""applies_to_categories"": [""work_order"", ""preventive_maintenance""]}], ""automations"": {""on_stage_entry"": {""Completed"": {""notes"": ""additional approval actions for completed - mark as approved"", ""actions"": [{""name"": ""Update Service Report End Time"", ""config"": {""filter"": {""task_id"": ""{{new.id}}""}, ""payload"": {""details"": {""actual_end_at"": ""{{NOW()}}""}}, ""entity_name"": ""service_reports"", ""entity_schema"": ""blueprint""}, ""priority"": 10, ""action_type"": ""update_entity""}, {""name"": ""Propagate Approval Decision"", ""config"": {""payload"": {""stage_id"": ""Approved""}, ""entity_id"": ""{{new.parent_entity_id}}"", ""entity_name"": ""{{new.parent_entity_type}}"", ""entity_schema"": ""{{new.parent_entity_schema}}""}, ""priority"": 1, ""conditions"": {""type"": ""AND"", ""rules"": [{""field"": ""new.task_category"", ""value"": ""APPROVAL"", ""operator"": ""equals""}]}, ""action_type"": ""update_entity""}], ""applies_to_categories"": [""work_order"", ""preventive_maintenance"", ""APPROVAL""]}, ""Scheduled"": {""actions"": [{""name"": ""Create Draft Service Report"", ""config"": {""payload"": {""name"": ""Service Report for {{new.name}}"", ""task_id"": ""{{new.id}}""}, ""_payload"": {""name"": ""Service Report for {{new.name}}"", ""details"": {""service_type"": ""{{new.details->>service_type}}"", ""scheduled_date"": ""{{new.event_start_at}}""}, ""task_id"": ""{{new.id}}"", ""account_id"": ""{{new.account_id}}"", ""assignee_id"": ""{{new.assignee_id}}"", ""location_id"": ""{{new.location_id}}"", ""organization_id"": ""{{new.organization_id}}"", ""parent_entity_id"": ""{{new.parent_entity_id}}"", ""parent_entity_type"": ""tickets""}, ""entity_name"": ""service_reports"", ""entity_schema"": ""blueprint""}, ""priority"": 10, ""action_type"": ""create_entity"", ""run_asynchronous"": true}], ""applies_to_categories"": [""work_order"", ""preventive_maintenance""]}, ""In_Progress"": {""actions"": [{""name"": ""Log Work Start Time"", ""config"": {""payload"": {""start_at"": ""{{NOW()}}""}, ""entity_id"": ""{{new.id}}"", ""entity_name"": ""tasks"", ""entity_schema"": ""blueprint""}, ""priority"": 10, ""action_type"": ""update_entity""}, {""name"": ""Update Service Report Start Time"", ""config"": {""filter"": {""task_id"": ""{{new.id}}""}, ""payload"": {""details"": {""actual_start_at"": ""{{NOW()}}""}}, ""entity_name"": ""service_reports"", ""entity_schema"": ""blueprint""}, ""priority"": 20, ""action_type"": ""update_entity""}], ""applies_to_categories"": [""*""]}, ""__Completed"": {""actions"": [{""name"": ""Update Service Report End Time"", ""config"": {""filter"": {""task_id"": ""{{new.id}}""}, ""payload"": {""details"": {""actual_end_at"": ""{{NOW()}}""}}, ""entity_name"": ""service_reports"", ""entity_schema"": ""blueprint""}, ""priority"": 10, ""action_type"": ""update_entity""}], ""applies_to_categories"": [""work_order"", ""preventive_maintenance""]}}}, ""entity_type"": ""work_orders"", ""entity_schema"": ""esm"", ""blueprint_type"": ""lifecycle""}",1,true,{},2026-02-27 08:22:51.978404+00,2026-03-15 15:59:04.818859+00,,,lifecycle,ESM_WORK_ORDER