id,entity_type,entity_schema,base_source,custom_view_sql,partition_filter,dependencies,created_at,updated_at,sub_panels,semantics,rules,ai_metadata,classification,display_format,version,blueprint_hash,form_type,ai_resolution,jsonb_schema,ui_general,ui_details_overview,ui_dashboard
07e7b86d-100e-4e8b-98d2-7255fcec74ad,shipments,ctrm,ctrm.shipments,,,[],2026-02-06 11:24:58.457905+00,2026-02-06 11:24:58.457905+00,[],"{""tags"": [""status"", ""load_port"", ""discharge_port""], ""time"": [""eta"", ""actual_delivery_date""], ""context"": {""title"": ""Shipments"", ""status"": ""draft""}, ""identity"": {""key"": ""id"", ""display"": ""vessel_name""}}",{},"{""embedding_model"": ""text-embedding-3-large""}",transactional,,1,,dependent,resolve_parent,,"{""default_view"": ""kanbanview"", ""global_actions"": [{""form"": ""shipments_form"", ""label"": ""New""}], ""available_views"": [""tableview"", ""gridview"", ""detailview"", ""kanbanview"", ""metricsview""]}",{},{}
08409f85-18ed-45cd-a19e-0d4edaea6e22,tickets_summary,analytics,analytics.av_tickets_summary,,,[],2026-02-06 02:28:11.98248+00,2026-02-06 02:28:11.98248+00,[],"{""domain"": ""analytics"", ""context"": {""title"": ""Support Ticket Analytics"", ""module"": ""analytics"", ""status"": ""draft"", ""keywords"": [""ticket"", ""summary"", ""support"", ""metrics""], ""description"": ""ANALYTICAL REPORT for Tickets: Use this for executive dashboards, stage-wise totals, and averages. NOT for listing individual records.""}, ""example_questions"": [""Show ticket summaries"", ""List support metrics""]}",{},"{""embedding_model"": ""text-embedding-3-large""}",analytical,,1,,simple,direct,,"{""default_view"": ""tableview"", ""global_actions"": [{""form"": ""tickets_summary_form"", ""label"": ""New""}], ""available_views"": [""tableview"", ""gridview"", ""detailview"", ""metricsview""]}",{},{}
0e5cc2d1-e241-433c-ae92-4f4fd1c7ebc2,agents,ai_mcp,ai_mcp.agents,,,"[""ai_mcp.agents""]",2026-01-24 05:03:06.997383+00,2026-02-14 03:03:23.888128+00,"[{""fk"": ""object_id"", ""icon"": ""paperclip"", ""name"": ""Attachments"", ""source"": ""core.object_attachments""}, {""fk"": ""object_id"", ""icon"": ""sticky-note"", ""name"": ""Notes"", ""filter"": ""comment_type = 'note'"", ""source"": ""core.object_comments""}, {""fk"": ""object_id"", ""icon"": ""activity"", ""name"": ""Activities"", ""source"": ""core.object_activities""}, {""fk"": ""object_id"", ""icon"": ""tag"", ""name"": ""Tags"", ""source"": ""core.object_tags""}]","{""domain"": ""ai"", ""context"": {""title"": ""Agents"", ""module"": ""ai_mcp"", ""status"": ""applied"", ""keywords"": [""agent"", ""ai"", ""bot"", ""assistant""], ""description"": ""AI agents and intelligent assistants.""}, ""example_questions"": [""List all agents"", ""Show agent configurations"", ""Find active AI bots""]}",{},"{""embedding_model"": ""text-embedding-3-large""}",transactional,,1,,simple,direct,,"{""default_view"": ""kanbanview"", ""global_actions"": [{""form"": ""agents_form"", ""label"": ""New""}], ""available_views"": [""tableview"", ""gridview"", ""detailview"", ""kanbanview"", ""metricsview""]}",{},{}
136eefac-7244-4ab2-9c76-4760e69829ea,invoices,blueprint,blueprint.invoices,,,[],2026-02-06 02:28:11.98248+00,2026-02-06 03:05:01.047+00,[],"{""context"": {""title"": ""Invoices"", ""module"": ""blueprint"", ""status"": ""draft""}}",{},{},transactional,,1,,dependent,resolve_parent,,"{""default_view"": ""kanbanview"", ""global_actions"": [{""form"": ""invoices_form"", ""label"": ""New""}], ""available_views"": [""tableview"", ""gridview"", ""detailview"", ""kanbanview"", ""metricsview""]}",{},{}
169daade-da09-4763-ab90-4c322308a57a,interviews,hr,hr.interviews,,,[],2026-02-03 20:41:34.583148+00,2026-02-09 15:42:13.348987+00,[],"{""context"": {""title"": ""Interviews"", ""module"": ""hr"", ""status"": ""draft""}}",{},"{""embedding_model"": ""text-embedding-3-large""}",transactional,"{""format"": ""INT-{SEQ}"", ""counter_padding"": 5}",1,,dependent,resolve_parent,"{""type"": ""object"", ""required"": [""interviewStatus"", ""appointment""], ""properties"": {""appointment"": {""type"": ""object"", ""required"": [""validDatePeriod""], ""properties"": {""validDatePeriod"": {""type"": ""object"", ""required"": [""start""]}}}, ""interviewStatus"": {""type"": ""string""}}}","{""default_view"": ""kanbanview"", ""global_actions"": [{""form"": ""interviews_form"", ""label"": ""New""}], ""available_views"": [""tableview"", ""gridview"", ""detailview"", ""kanbanview"", ""metricsview""]}","{""staticTabs"": [], ""dynamicTabs"": [{""label"": ""Applications"", ""order"": 1, ""props"": {""tabs"": [], ""filters"": [{""value"": ""application_id"", ""column"": ""id""}], ""entityType"": ""hr.applications""}, ""detailView"": false}]}",{}
17d4f685-76ed-43b2-a5f1-2f96780cd18c,prospects,crm,unified.organizations,,type = 'prospect',"[""crm.accounts""]",2026-02-09 15:18:10.849427+00,2026-02-09 15:42:13.348987+00,[],"{""context"": {""title"": ""Prospects"", ""status"": ""draft""}, ""assignments"": [{""sql"": ""COALESCE(details->'organization'->>'name', 'Unnamed Prospect')"", ""column"": ""name"", ""on_insert"": true, ""overwrite"": true}, {""sql"": ""'crm'"", ""column"": ""module"", ""on_insert"": true}, {""sql"": ""'active'"", ""column"": ""status"", ""on_insert"": true}]}",{},"{""embedding_model"": ""text-embedding-3-large""}",master,,3,,simple,direct,,{},{},{}
1bca3cc4-0440-4b98-b675-5ff1806dfb09,curves,ctrm,ctrm.curves,,,[],2026-02-06 11:24:58.457905+00,2026-02-06 11:24:58.457905+00,[],"{""tags"": [""commodity"", ""tenor""], ""time"": [""curve_date""], ""context"": {""title"": ""Curves"", ""status"": ""draft""}, ""metrics"": [""price_value""], ""identity"": {""key"": ""id"", ""display"": ""commodity""}}",{},"{""embedding_model"": ""text-embedding-3-large""}",transactional,,1,,simple,direct,,"{""default_view"": ""tableview"", ""global_actions"": [{""form"": ""curves_form"", ""label"": ""New""}], ""available_views"": [""tableview"", ""gridview"", ""detailview"", ""metricsview""]}",{},{}
1c019bb9-3fd3-4a40-9a80-745a471d09c9,timesheets,workforce,workforce.timesheets,"
SELECT 
    base.id,
    base.organization_id,
    base.user_id,
    base.timesheet_date,
    base.last_date,
    base.timesheet_type,
    base.total_hours,
    base.project_details_legacy,
    base.approver_details_legacy,
    base.status,
    base.stage_id,
    base.display_id,
    base.automation_bp_instance_id,
    base.automation_esm_instance_id,
    base.created_at,
    base.updated_at,
    base.created_by,
    base.updated_by,
    fk_org.name AS organization_display,
    fk_user.name AS user_display,
    (SELECT jsonb_agg(jsonb_build_object(
        'id', ti.id,
        'project_id', ti.project_id,
        'entry_date', ti.entry_date,
        'hours_worked', ti.hours_worked,
        'description', ti.description
    )) FROM workforce.timesheet_items ti WHERE ti.timesheet_id = base.id) AS items
FROM workforce.timesheets base
LEFT JOIN identity.organizations fk_org ON base.organization_id = fk_org.id
LEFT JOIN identity.users fk_user ON base.user_id = fk_user.id
",,,2026-02-07 04:30:53.124112+00,2026-02-07 05:39:46.448184+00,[],"{""context"": {""title"": ""Timesheets"", ""module"": ""hr"", ""status"": ""draft""}, ""resolution"": {""dependents"": [{""key"": ""items"", ""table"": ""workforce.timesheet_items"", ""fk_column"": ""timesheet_id""}]}}",{},"{""embedding_model"": ""text-embedding-3-large""}",transactional,,1,,nested,nested_create,,"{""default_view"": ""kanbanview"", ""global_actions"": [{""form"": ""timesheets_form"", ""label"": ""New""}], ""available_views"": [""tableview"", ""gridview"", ""detailview"", ""kanbanview"", ""metricsview""]}",{},{}
1c43ce9b-cf71-4f64-9d88-47519961fb23,service_assets,esm,esm.service_assets,,,[],2026-02-09 15:18:10.849427+00,2026-02-14 03:03:23.888128+00,[],"{""context"": {""title"": ""Service_assets"", ""status"": ""draft""}}",{},"{""embedding_model"": ""text-embedding-3-large""}",transactional,,1,,simple,direct,,{},{},{}
1faa400d-996e-4573-b0a3-14d925a541ce,profiles,hr,hr.profiles,,,[],2026-02-14 02:47:45.696948+00,2026-02-14 02:55:48.85913+00,[],"{""icon"": ""UserCircle"", ""label"": ""HR Profile"", ""domain"": ""hr"", ""description"": ""Employment profile linked to an organization user. Tracks hire date, department, job title, and employment details."", ""plural_label"": ""HR Profiles"", ""primary_display_field"": ""job_title"", ""secondary_display_field"": ""department""}",{},"{""embedding_model"": ""text-embedding-3-large""}",transactional,"{""format"": ""HP-{SEQ}""}",1,,simple,direct,"{""work_schedule"": {""type"": ""object"", ""properties"": {""timezone"": {""type"": ""string"", ""default"": ""UTC""}, ""weeklyHours"": {""type"": ""number"", ""default"": 40}}}}",{},{},{}
208a6308-5b97-4f9c-a501-c50d709523d4,users,identity,identity.users,,,[],2026-02-03 20:41:34.583148+00,2026-02-14 02:55:48.85913+00,[],"{""context"": {""title"": ""Users"", ""module"": ""identity"", ""status"": ""active""}}",{},"{""embedding_model"": ""text-embedding-3-large""}",transactional,,4,,simple,direct,,"{""default_view"": ""kanbanview"", ""global_actions"": [{""form"": ""users_form"", ""label"": ""New""}], ""available_views"": [""tableview"", ""gridview"", ""detailview"", ""kanbanview"", ""metricsview""]}",{},{}
208a8e5c-8ec9-40da-b5de-4b992125e02a,accounts,crm,unified.organizations,,,"[""crm.accounts""]",2026-02-09 15:18:10.849427+00,2026-02-09 15:42:13.348987+00,[],"{""context"": {""title"": ""Accounts"", ""status"": ""draft""}}",{},"{""embedding_model"": ""text-embedding-3-large""}",master,,3,,simple,direct,,{},{},{}
244557c7-b61f-4619-ac8a-9d6d6c7e4bea,offers,hr,hr.offers,,,[],2026-02-03 20:41:34.583148+00,2026-02-09 15:42:13.348987+00,[],"{""context"": {""title"": ""Job Offers"", ""module"": ""hr"", ""status"": ""draft""}}",{},"{""embedding_model"": ""text-embedding-3-large""}",lifecycle,"{""format"": ""OFFER-{SEQ}"", ""counter_padding"": 5}",1,,dependent,resolve_parent,"{""type"": ""object"", ""required"": [""offerStatus"", ""remunerationPackage""], ""properties"": {""startDate"": {""type"": ""string""}, ""offerStatus"": {""type"": ""string""}, ""remunerationPackage"": {""type"": ""object"", ""required"": [""basePay""], ""properties"": {""basePay"": {""type"": ""object"", ""required"": [""amount"", ""currencyCode""]}}}}}","{""default_view"": ""kanbanview"", ""global_actions"": [{""form"": ""offers_form"", ""label"": ""New""}], ""available_views"": [""tableview"", ""gridview"", ""detailview"", ""kanbanview"", ""metricsview""]}","{""staticTabs"": [], ""dynamicTabs"": [{""label"": ""Applications"", ""order"": 1, ""props"": {""tabs"": [], ""filters"": [{""value"": ""application_id"", ""column"": ""id""}], ""entityType"": ""hr.applications""}, ""detailView"": false}]}",{}
2d5b8a9f-5dcc-43e2-90ee-085452344618,leads,crm,crm.contacts,,"state_category IN ('IN_PROGRESS', 'CLOSED_WON', 'CLOSED_LOST')","[""crm.contacts""]",2026-02-09 15:18:10.849427+00,2026-02-09 15:42:13.348987+00,[],"{""context"": {""title"": ""Leads"", ""status"": ""draft""}, ""metrics"": {""entity_metrics"": [{""key"": ""avg_time_in_stage"", ""name"": ""Average Time in Stage"", ""unit"": ""hours"", ""calculation"": ""AVG(stage_exited_at - stage_entered_at)""}, {""key"": ""conversion_rate"", ""name"": ""Conversion Rate"", ""unit"": ""percentage"", ""calculation"": ""(COUNT(stage_id = 'qualified') / COUNT(*)) * 100""}]}, ""lifecycle"": {""stages"": [{""id"": ""new"", ""name"": ""New"", ""category"": ""NEW"", ""sequence"": 1}, {""id"": ""attempted"", ""name"": ""Attempted"", ""category"": ""IN_PROGRESS"", ""sequence"": 2}, {""id"": ""contacted"", ""name"": ""Contacted"", ""category"": ""IN_PROGRESS"", ""sequence"": 3}, {""id"": ""qualified"", ""name"": ""Qualified"", ""category"": ""CLOSED_WON"", ""sequence"": 4}, {""id"": ""disqualified"", ""name"": ""Disqualified"", ""category"": ""CLOSED_LOST"", ""sequence"": 5}], ""start_stage"": ""new""}, ""sla_rules"": [{""id"": ""LEAD_ATTEMPT_SLA"", ""name"": ""New Lead Attempt SLA"", ""action"": {""type"": ""escalate"", ""priority"": ""high""}, ""description"": ""Escalate if a new lead is not attempted within 24 hours"", ""monitored_stages"": [""new""], ""time_threshold_hours"": 24}], ""assignments"": [{""sql"": ""CONCAT_WS(' ', NEW.details->'person'->>'firstName', NEW.details->'person'->>'lastName')"", ""column"": ""name"", ""on_insert"": true}, {""sql"": ""'crm'"", ""column"": ""module"", ""on_insert"": true}, {""sql"": ""'active'"", ""column"": ""status"", ""on_insert"": true}, {""sql"": ""'person'"", ""column"": ""contact_type"", ""on_insert"": true}], ""automations"": {""on_stage_entry"": {""contacted"": {""actions"": [{""config"": {""subject"": ""Lead Contacted: {{display_id}}"", ""template_id"": ""LEAD_CONTACTED_NOTIF""}, ""action_type"": ""send_notification""}]}}}}",{},"{""embedding_model"": ""text-embedding-3-large""}",master,"{""format"": ""LEAD-{SEQ}"", ""counter_padding"": 5}",3,,simple,direct,,{},{},{}
2e06cedc-cbf6-42be-abfa-8cabb15ff625,projects,blueprint,unified.projects,,,"[""blueprint.projects""]",2026-02-03 20:41:34.583148+00,2026-02-09 15:42:13.348987+00,[],"{""context"": {""title"": ""tss"", ""module"": ""blueprint"", ""status"": ""draft""}}",{},"{""embedding_model"": ""text-embedding-3-large""}",transactional,,4,,dependent,resolve_parent,,"{""default_view"": ""kanbanview"", ""global_actions"": [{""form"": ""projects_form"", ""label"": ""New""}], ""available_views"": [""tableview"", ""gridview"", ""detailview"", ""kanbanview"", ""metricsview""]}",{},{}
393ea1a2-a087-4f5e-bbc8-605354b2df48,location_types,identity,identity.location_types,,,[],2026-02-03 20:41:34.583148+00,2026-02-09 15:42:13.348987+00,[],"{""context"": {""title"": ""Location_types"", ""module"": ""identity"", ""status"": ""draft""}}",{},"{""embedding_model"": ""text-embedding-3-large""}",transactional,,4,,simple,direct,,"{""default_view"": ""tableview"", ""global_actions"": [{""form"": ""location_types_form"", ""label"": ""New""}], ""available_views"": [""tableview"", ""gridview"", ""detailview""]}",{},{}
39491110-bb66-42b6-add8-9d76f630e1a4,quotes,crm,crm.quotes,,,[],2026-02-12 06:54:21.381993+00,2026-02-12 06:54:21.381993+00,[],"{""context"": {""title"": ""Quotes"", ""status"": ""draft""}, ""assignments"": [{""sql"": ""COALESCE(details->'quote'->>'subject', 'Unnamed Quote')"", ""column"": ""name"", ""on_insert"": true, ""overwrite"": true}, {""sql"": ""'crm'"", ""column"": ""module"", ""on_insert"": true}, {""sql"": ""'active'"", ""column"": ""status"", ""on_insert"": true}, {""sql"": ""'draft'"", ""column"": ""stage_id"", ""on_insert"": true}]}",{},"{""embedding_model"": ""text-embedding-3-large""}",master,,1,,simple,direct,,{},{},{}
3a107cf6-0482-419f-809d-bc0bc750a8e5,deals,crm,crm.deals,,,[],2026-02-09 15:18:10.849427+00,2026-02-09 15:18:10.849427+00,[],"{""context"": {""title"": ""Deals"", ""status"": ""draft""}, ""assignments"": [{""sql"": ""COALESCE(details->'deal'->>'name', 'Unnamed Deal')"", ""column"": ""name"", ""on_insert"": true, ""overwrite"": true}, {""sql"": ""'crm'"", ""column"": ""module"", ""on_insert"": true}, {""sql"": ""'active'"", ""column"": ""status"", ""on_insert"": true}, {""sql"": ""'lead'"", ""column"": ""stage_id"", ""on_insert"": true}]}",{},"{""embedding_model"": ""text-embedding-3-large""}",master,,1,,simple,direct,,{},{},{}
401332c8-097f-4c09-92d1-f9fcc287ac27,contracts,ctrm,ctrm.contracts,,,[],2026-02-06 11:24:58.457905+00,2026-02-06 11:24:58.457905+00,[],"{""tags"": [""status""], ""time"": [""signing_date""], ""context"": {""title"": ""Contracts"", ""status"": ""draft""}, ""identity"": {""key"": ""id"", ""display"": ""contract_ref""}}",{},"{""embedding_model"": ""text-embedding-3-large""}",transactional,,1,,dependent,resolve_parent,,"{""default_view"": ""kanbanview"", ""global_actions"": [{""form"": ""contracts_form"", ""label"": ""New""}], ""available_views"": [""tableview"", ""gridview"", ""detailview"", ""kanbanview"", ""metricsview""]}",{},{}
425adfd3-dd5a-4d2b-b9eb-df245c31e074,roles,identity,identity.roles,,,[],2026-02-03 20:41:34.583148+00,2026-02-09 15:42:13.348987+00,[],"{""context"": {""title"": ""Roles"", ""module"": ""identity"", ""status"": ""draft""}}",{},"{""embedding_model"": ""text-embedding-3-large""}",transactional,,4,,simple,direct,,"{""default_view"": ""tableview"", ""global_actions"": [{""form"": ""roles_form"", ""label"": ""New""}], ""available_views"": [""tableview"", ""gridview"", ""detailview"", ""metricsview""]}",{},{}
470fd014-ee78-4c76-88da-5d38a164f44c,candidates,hr,unified.contacts,,,"[""hr.candidates""]",2026-02-03 20:41:34.583148+00,2026-02-14 02:55:48.85913+00,[],"{""domain"": ""hr"", ""context"": {""title"": ""Candidates"", ""module"": ""hr"", ""status"": ""draft"", ""keywords"": [""candidate"", ""talent"", ""applicant"", ""recruitment"", ""cv"", ""resume""], ""description"": ""Talent acquisition and candidate management lifecycle.""}, ""assignments"": [{""sql"": ""COALESCE(NEW.details->'person'->'name'->>'given', '') || ' ' || COALESCE(NEW.details->'person'->'name'->>'family', 'Unnamed Candidate')"", ""column"": ""name"", ""on_insert"": true, ""overwrite"": true}, {""sql"": ""'hr'"", ""column"": ""module"", ""on_insert"": true}, {""sql"": ""'active'"", ""column"": ""status"", ""on_insert"": true}, {""sql"": ""'person'"", ""column"": ""contact_type"", ""on_insert"": true}], ""example_questions"": [""List all active candidates"", ""Find candidates with specific skills"", ""Show recent job applicants""]}",{},"{""embedding_model"": ""text-embedding-3-large""}",master,,4,,simple,direct,"{""type"": ""object"", ""required"": [""person""], ""properties"": {""person"": {""type"": ""object"", ""required"": [""name"", ""communication""], ""properties"": {""name"": {""type"": ""object"", ""required"": [""given"", ""family""], ""properties"": {""given"": {""type"": ""string""}, ""family"": {""type"": ""string""}}}, ""communication"": {""type"": ""object"", ""properties"": {""email"": {""type"": ""array""}}}}}}}","{""default_view"": ""kanbanview"", ""global_actions"": [{""form"": ""candidates_form"", ""label"": ""New""}], ""available_views"": [""tableview"", ""gridview"", ""detailview"", ""kanbanview"", ""metricsview""]}","{""staticTabs"": [{""tab"": ""Activities"", ""label"": ""Activities"", ""order"": 1}, {""tab"": ""Logs"", ""label"": ""Logs"", ""order"": 2}], ""dynamicTabs"": [{""label"": ""Applications"", ""order"": 3, ""props"": {""tabs"": [], ""filters"": [], ""entityType"": ""hr.applications""}, ""detailView"": false, ""details_overview"": false}]}",{}
494ba6d6-63d7-4580-b533-ab33a4323af5,team_payroll,analytics,analytics.av_team_payroll_summary,,,[],2026-02-06 02:28:11.98248+00,2026-02-06 02:28:11.98248+00,[],"{""domain"": ""analytics"", ""context"": {""title"": ""Team Payroll Distribution"", ""module"": ""analytics"", ""status"": ""draft"", ""keywords"": [""team"", ""payroll"", ""compensation"", ""wages""], ""description"": ""Team-level payroll aggregation data.""}, ""example_questions"": [""Show team payroll"", ""List compensation by team""]}",{},"{""embedding_model"": ""text-embedding-3-large""}",analytical,,1,,simple,direct,,"{""default_view"": ""tableview"", ""global_actions"": [{""form"": ""team_payroll_form"", ""label"": ""New""}], ""available_views"": [""tableview"", ""gridview"", ""detailview"", ""metricsview""]}",{},{}
49c40410-019a-4254-8e13-5166f7a729b8,expense_sheets,workforce,workforce.expense_sheets,"
SELECT 
    base.id,
    base.organization_id,
    base.user_id,
    base.expensesheet_date,
    base.last_date,
    base.grand_total,
    base.status,
    base.stage_id,
    base.display_id,
    base.automation_bp_instance_id,
    base.automation_esm_instance_id,
    base.created_at,
    base.updated_at,
    base.created_by,
    base.updated_by,
    fk_org.name AS organization_display,
    fk_user.name AS user_display,
    (SELECT jsonb_agg(jsonb_build_object(
        'id', esi.id,
        'expense_type_id', esi.expense_type_id,
        'item_date', esi.item_date,
        'amount', esi.amount,
        'description', esi.description
    )) FROM workforce.expense_sheet_items esi WHERE esi.expense_sheet_id = base.id) AS items
FROM workforce.expense_sheets base
LEFT JOIN identity.organizations fk_org ON base.organization_id = fk_org.id
LEFT JOIN identity.users fk_user ON base.user_id = fk_user.id
",,,2026-02-07 04:30:53.124112+00,2026-02-07 05:40:27.301125+00,[],"{""context"": {""title"": ""Expense_sheets"", ""module"": ""hr"", ""status"": ""draft""}, ""resolution"": {""dependents"": [{""key"": ""items"", ""table"": ""workforce.expense_sheet_items"", ""fk_column"": ""expense_sheet_id""}]}}",{},"{""embedding_model"": ""text-embedding-3-large""}",transactional,,1,,nested,nested_create,,"{""default_view"": ""kanbanview"", ""global_actions"": [{""form"": ""expense_sheets_form"", ""label"": ""New""}], ""available_views"": [""tableview"", ""gridview"", ""detailview"", ""kanbanview"", ""metricsview""]}",{},{}
4a44a770-40eb-46da-9b24-8a763018dad8,contacts,unified,unified.contacts,,,[],2026-02-06 02:28:11.98248+00,2026-02-06 02:28:11.98248+00,[],"{""domain"": ""operations"", ""context"": {""title"": ""Contacts"", ""module"": ""unified"", ""status"": ""draft"", ""keywords"": [""contact"", ""identity"", ""person""], ""description"": ""Unified view of all external and internal contacts.""}, ""example_questions"": [""List unified contacts"", ""Find contacts in identity""]}",{},"{""embedding_model"": ""text-embedding-3-large""}",master,,1,,simple,direct,,"{""default_view"": ""kanbanview"", ""global_actions"": [{""form"": ""contacts_form"", ""label"": ""New""}], ""available_views"": [""tableview"", ""gridview"", ""detailview"", ""kanbanview"", ""metricsview""]}",{},{}
4ca81f4b-56a8-400b-ad69-0733c8bf1e14,organization_users,identity,identity.organization_users,,,[],2026-02-03 20:41:34.583148+00,2026-02-09 15:42:13.348987+00,[],"{""context"": {""title"": ""Organization_users"", ""module"": ""identity"", ""status"": ""draft""}}",{},"{""embedding_model"": ""text-embedding-3-large""}",transactional,,4,,simple,direct,,"{""default_view"": ""tableview"", ""global_actions"": [{""form"": ""organization_users_form"", ""label"": ""New""}], ""available_views"": [""tableview"", ""gridview"", ""detailview""]}",{},{}
517c7f80-761f-4565-b287-152e2e2dcc8d,projects,construction,unified.projects,,base.id IN (SELECT id FROM construction.projects),"[""construction.projects""]",2026-02-07 00:38:19.71143+00,2026-02-07 00:38:19.71143+00,[],"{""context"": {""title"": ""Construction Project"", ""status"": ""draft""}}","{""lifecycle"": {""mapping"": [{""source"": ""stage_id"", ""target"": ""stage_id"", ""is_primary"": true}]}, ""display_id"": {""prefix"": ""CP""}}","{""embedding_model"": ""text-embedding-3-large""}",master,"{""format"": ""CP-{LOCATION_CODE}-{YEAR}-{COUNTER}"", ""token_config"": [{""type"": ""lookup"", ""token"": ""{LOCATION_CODE}"", ""entity_field"": ""location_id"", ""lookup_table"": ""locations"", ""lookup_schema"": ""identity"", ""lookup_value_field"": ""short_code""}, {""type"": ""date_part"", ""token"": ""{YEAR}"", ""date_format"": ""YYYY""}, {""type"": ""counter"", ""token"": ""{COUNTER}""}], ""counter_config"": {""date_field"": ""created_at"", ""reset_period"": ""CALENDAR_YEAR""}, ""counter_padding"": 4}",1,,dependent,resolve_parent,,"{""default_view"": ""kanbanview"", ""global_actions"": [{""form"": ""projects_form"", ""label"": ""New""}], ""available_views"": [""tableview"", ""gridview"", ""detailview"", ""kanbanview"", ""metricsview""]}",{},{}
52a8cf60-8ae4-474d-9976-439661d134d8,trades,ctrm,ctrm.trades,,,[],2026-02-06 11:24:58.457905+00,2026-02-06 11:24:58.457905+00,[],"{""tags"": [""trade_type"", ""commodity"", ""currency""], ""time"": [""trade_date"", ""delivery_start_date"", ""delivery_end_date""], ""context"": {""title"": ""Trades"", ""status"": ""draft""}, ""metrics"": [""volume"", ""price""], ""identity"": {""key"": ""id"", ""display"": ""commodity""}}",{},"{""embedding_model"": ""text-embedding-3-large""}",transactional,,1,,dependent,resolve_parent,,"{""default_view"": ""kanbanview"", ""global_actions"": [{""form"": ""trades_form"", ""label"": ""New""}], ""available_views"": [""tableview"", ""gridview"", ""detailview"", ""kanbanview"", ""metricsview""]}",{},{}
5313ceed-ae0b-436f-afff-50662708d545,workers,hr,hr.workers,,contact_type = 'worker',[],2026-02-03 20:41:34.583148+00,2026-02-14 02:55:48.85913+00,[],"{""context"": {""title"": ""Workers"", ""module"": ""hr"", ""status"": ""draft""}}",{},"{""embedding_model"": ""text-embedding-3-large""}",deprecated,,4,,dependent,resolve_parent,"{""type"": ""object"", ""required"": [""person"", ""workerType""], ""properties"": {""person"": {""type"": ""object""}, ""workMode"": {""enum"": [""Office"", ""Remote"", ""Fieldstaff"", ""Hybrid""], ""type"": ""string""}, ""employment"": {""type"": ""object"", ""properties"": {""hireDate"": {""type"": ""string""}, ""jobTitle"": {""type"": ""string""}}}, ""workerType"": {""enum"": [""Employee"", ""Contractor"", ""Consultant""], ""type"": ""string""}}}","{""default_view"": ""kanbanview"", ""global_actions"": [{""form"": ""workers_form"", ""label"": ""New""}], ""available_views"": [""tableview"", ""gridview"", ""detailview"", ""kanbanview"", ""metricsview""]}",{},{}
54a187ea-5797-4c64-9e91-0592777c274e,org_module_configs,identity,identity.org_module_configs,,,[],2026-02-06 02:28:11.98248+00,2026-02-06 02:28:11.98248+00,[],"{""domain"": ""identity"", ""context"": {""title"": ""Org Module Configs"", ""module"": ""identity"", ""status"": ""draft"", ""keywords"": [""config"", ""module"", ""organization"", ""setting""], ""description"": ""Module configurations for specific organizations.""}, ""partitioning"": {""primary"": ""organization_id"", ""spatial"": ""location_id"", ""global_fallback"": true}, ""example_questions"": [""Show module configs"", ""Find settings for this organization""]}",{},"{""embedding_model"": ""text-embedding-3-large""}",definition,,1,,simple,direct,,"{""default_view"": ""tableview"", ""global_actions"": [{""form"": ""org_module_configs_form"", ""label"": ""New""}], ""available_views"": [""tableview"", ""gridview"", ""detailview"", ""metricsview""]}",{},{}
5523fb58-d576-46a6-b3e9-700c3e55e21d,modules,identity,identity.modules,,,[],2026-02-03 20:41:34.583148+00,2026-02-09 15:42:13.348987+00,[],"{""context"": {""title"": ""Modules"", ""module"": ""identity"", ""status"": ""draft""}}",{},"{""embedding_model"": ""text-embedding-3-large""}",transactional,,4,,simple,direct,,"{""default_view"": ""tableview"", ""global_actions"": [{""form"": ""modules_form"", ""label"": ""New""}], ""available_views"": [""tableview"", ""gridview"", ""detailview"", ""metricsview""]}",{},{}
56d0e877-765c-4ba5-ba83-d4c6f85de2ec,applications,hr,hr.applications,,,[],2026-02-03 20:41:34.583148+00,2026-02-09 15:42:13.348987+00,[],"{""context"": {""title"": ""Job Applications"", ""module"": ""hr"", ""status"": ""draft""}}",{},"{""embedding_model"": ""text-embedding-3-large""}",lifecycle,"{""format"": ""APP-{SEQ}"", ""counter_padding"": 5}",1,,composite,chain_resolve,"{""type"": ""object"", ""required"": [""processStage""], ""properties"": {""disposition"": {""type"": ""object"", ""properties"": {""status"": {""type"": ""string""}}}, ""processStage"": {""type"": ""string""}}}","{""default_view"": ""kanbanview"", ""global_actions"": [{""form"": ""applications_form"", ""label"": ""New""}], ""available_views"": [""tableview"", ""gridview"", ""detailview"", ""kanbanview"", ""metricsview""]}","{""staticTabs"": [], ""dynamicTabs"": [{""label"": ""Candidates"", ""order"": 1, ""props"": {""tabs"": [], ""filters"": [{""value"": ""candidate_id"", ""column"": ""id""}], ""entityType"": ""hr.candidates""}, ""detailView"": false}, {""label"": ""Requisition"", ""order"": 2, ""props"": {""tabs"": [], ""filters"": [{""value"": ""requisition_id"", ""column"": ""id""}], ""entityType"": ""hr.requisitions""}, ""detailView"": false}]}",{}
5983afe9-001f-4a2d-b838-0dbc56712a58,prices,ctrm,ctrm.prices,,,[],2026-02-06 11:24:58.457905+00,2026-02-06 11:24:58.457905+00,[],"{""tags"": [""price_source"", ""ticker""], ""time"": [""price_date""], ""context"": {""title"": ""Prices"", ""status"": ""draft""}, ""metrics"": [""price_value""], ""identity"": {""key"": ""id"", ""display"": ""commodity""}}",{},"{""embedding_model"": ""text-embedding-3-large""}",transactional,,1,,simple,direct,,"{""default_view"": ""tableview"", ""global_actions"": [{""form"": ""prices_form"", ""label"": ""New""}], ""available_views"": [""tableview"", ""gridview"", ""detailview"", ""metricsview""]}",{},{}
59872488-7b7e-4956-af26-27e8a55a9616,vendors,crm,unified.organizations,,type = 'vendor',"[""crm.accounts""]",2026-02-09 15:18:10.849427+00,2026-02-09 15:42:13.348987+00,[],"{""context"": {""title"": ""Vendors"", ""status"": ""draft""}, ""assignments"": [{""sql"": ""COALESCE(details->'organization'->>'name', 'Unnamed Vendor')"", ""column"": ""name"", ""on_insert"": true, ""overwrite"": true}, {""sql"": ""'crm'"", ""column"": ""module"", ""on_insert"": true}, {""sql"": ""'active'"", ""column"": ""status"", ""on_insert"": true}]}",{},"{""embedding_model"": ""text-embedding-3-large""}",master,,3,,simple,direct,,{},{},{}
5f849f3a-6e07-4096-9c4c-e75b9f85b264,exposures,ctrm,ctrm.exposures,,,[],2026-02-06 11:24:58.457905+00,2026-02-06 11:24:58.457905+00,[],"{""time"": [""as_of_date""], ""context"": {""title"": ""Exposures"", ""status"": ""draft""}, ""metrics"": [""var_95"", ""credit_exposure"", ""margin_usage_pct""]}",{},"{""embedding_model"": ""text-embedding-3-large""}",transactional,,1,,simple,direct,,"{""default_view"": ""tableview"", ""global_actions"": [{""form"": ""exposures_form"", ""label"": ""New""}], ""available_views"": [""tableview"", ""gridview"", ""detailview"", ""metricsview""]}",{},{}
60c4e8e3-a35d-45c3-adaa-1b4d6a50f381,payroll_summary,analytics,analytics.av_payroll_run_summary,,,[],2026-02-06 02:28:11.98248+00,2026-02-06 02:28:11.98248+00,[],"{""domain"": ""analytics"", ""context"": {""title"": ""Payroll Run Summary"", ""module"": ""analytics"", ""status"": ""draft"", ""keywords"": [""payroll"", ""summary"", ""report"", ""wages""], ""description"": ""Aggregated summaries of payroll and compensation data.""}, ""example_questions"": [""Show payroll summary"", ""List wage reports""]}",{},"{""embedding_model"": ""text-embedding-3-large""}",analytical,,1,,simple,direct,,"{""default_view"": ""kanbanview"", ""global_actions"": [{""form"": ""payroll_summary_form"", ""label"": ""New""}], ""available_views"": [""tableview"", ""gridview"", ""detailview"", ""kanbanview"", ""metricsview""]}",{},{}
62b2a546-7d4c-4020-8b5c-8b4b6db88722,employees,hr,hr.workers,,contact_type = 'worker' AND persona_type = 'employee',[],2026-01-24 05:03:06.997383+00,2026-02-14 02:55:48.85913+00,[],"{""context"": {""title"": ""Employees"", ""module"": ""hr"", ""status"": ""applied""}}",{},"{""embedding_model"": ""text-embedding-3-large""}",deprecated,,4,,simple,direct,,"{""default_view"": ""kanbanview"", ""global_actions"": [{""form"": ""employees_form"", ""label"": ""New""}], ""available_views"": [""tableview"", ""gridview"", ""detailview"", ""kanbanview"", ""metricsview""]}","{""staticTabs"": [{""tab"": ""Activities"", ""label"": ""a"", ""order"": 1}, {""tab"": ""Overview"", ""label"": ""o"", ""order"": 2}], ""dynamicTabs"": []}",{}
630086d7-d0f4-44be-b5b2-fd9be73cee2a,contractors,hr,hr.workers,"
CREATE OR REPLACE VIEW hr.v_contractors AS
SELECT 
    uc.id, uc.organization_id, uc.display_id, uc.name, uc.email, uc.phone,
    uc.persona_type, uc.status, uc.vertical, uc.vertical_payload,
    ou.location_id, ou.manager_id, ou.user_id,
    w.details AS hr_details,
    w.details->'employment'->>'hireDate' AS contract_start,
    w.details->'employment'->>'jobTitle' AS role_title,
    uc.created_at, uc.updated_at
FROM unified.contacts uc
LEFT JOIN identity.organization_users ou ON ou.id = uc.id
LEFT JOIN hr.workers w ON w.id = uc.id
WHERE uc.contact_type = 'worker' AND uc.persona_type = 'contractor';
        ",contact_type = 'worker' AND persona_type = 'contractor',[],2026-01-24 05:03:06.997383+00,2026-02-14 02:55:48.85913+00,[],"{""context"": {""title"": ""Contractors"", ""module"": ""hr"", ""status"": ""applied""}}",{},"{""embedding_model"": ""text-embedding-3-large""}",deprecated,,4,,simple,direct,,"{""default_view"": ""kanbanview"", ""global_actions"": [{""form"": ""contractors_form"", ""label"": ""New""}], ""available_views"": [""tableview"", ""gridview"", ""detailview"", ""kanbanview"", ""metricsview""]}",{},{}
7adf56b0-61f6-4742-948d-b1fa58ab9343,contracts,esm,esm.contracts,,,[],2026-02-09 15:18:10.849427+00,2026-02-14 03:03:23.888128+00,[],"{""context"": {""title"": ""Contracts"", ""status"": ""draft""}}",{},"{""embedding_model"": ""text-embedding-3-large""}",transactional,,1,,simple,direct,,{},{},{}
7b2a02fb-125b-4fdb-8c37-5ea2622a5a9b,erp_payments,ctrm,ctrm.erp_payments,,,[],2026-02-06 11:24:58.457905+00,2026-02-06 11:24:58.457905+00,[],"{""tags"": [""method""], ""time"": [""payment_date""], ""context"": {""title"": ""Erp_payments"", ""status"": ""draft""}, ""metrics"": [""amount""], ""identity"": {""key"": ""id"", ""display"": ""reference_number""}}",{},"{""embedding_model"": ""text-embedding-3-large""}",transactional,,1,,dependent,resolve_parent,,"{""default_view"": ""tableview"", ""global_actions"": [{""form"": ""erp_payments_form"", ""label"": ""New""}], ""available_views"": [""tableview"", ""gridview"", ""detailview"", ""metricsview""]}",{},{}
89ddee08-a9fd-4adf-a0e9-9a53ba494c97,tickets,blueprint,unified.tickets,,,"[""blueprint.tickets""]",2026-02-03 20:41:34.583148+00,2026-02-09 15:42:13.348987+00,[],"{""context"": {""title"": ""Tickets"", ""module"": ""blueprint"", ""status"": ""draft""}}",{},"{""embedding_model"": ""text-embedding-3-large""}",transactional,,4,,dependent,resolve_parent,,"{""default_view"": ""kanbanview"", ""global_actions"": [{""form"": ""tickets_form"", ""label"": ""New""}], ""available_views"": [""tableview"", ""gridview"", ""detailview"", ""kanbanview"", ""metricsview""]}",{},{}
8abd738d-acf4-4f56-8482-8728fcd4529a,erp_invoices,ctrm,ctrm.erp_invoices,,,[],2026-02-06 11:24:58.457905+00,2026-02-06 11:24:58.457905+00,[],"{""tags"": [""status"", ""currency""], ""time"": [""due_date""], ""context"": {""title"": ""Erp_invoices"", ""status"": ""draft""}, ""metrics"": [""amount""], ""identity"": {""key"": ""id"", ""display"": ""invoice_number""}}",{},"{""embedding_model"": ""text-embedding-3-large""}",transactional,,1,,dependent,resolve_parent,,"{""default_view"": ""kanbanview"", ""global_actions"": [{""form"": ""erp_invoices_form"", ""label"": ""New""}], ""available_views"": [""tableview"", ""gridview"", ""detailview"", ""kanbanview"", ""calendarview"", ""metricsview""]}",{},{}
8be68bc9-59d4-4f39-9d9a-059b9e4f4663,organizations,unified,unified.organizations,,,[],2026-02-06 02:28:11.98248+00,2026-02-06 02:28:11.98248+00,[],"{""domain"": ""operations"", ""context"": {""title"": ""Organizations"", ""module"": ""unified"", ""status"": ""draft"", ""keywords"": [""organization"", ""unified"", ""entity""], ""description"": ""Unified view of organization records.""}, ""example_questions"": [""Show unified organization view""]}",{},"{""embedding_model"": ""text-embedding-3-large""}",master,,1,,simple,direct,,"{""default_view"": ""kanbanview"", ""global_actions"": [{""form"": ""organizations_form"", ""label"": ""New""}], ""available_views"": [""tableview"", ""gridview"", ""detailview"", ""kanbanview"", ""metricsview""]}",{},{}
8c2c2249-5212-4a03-96cf-690fbbe63bd7,positions,ctrm,ctrm.positions,,,[],2026-02-06 11:24:58.457905+00,2026-02-06 11:24:58.457905+00,[],"{""tags"": [""commodity""], ""time"": [""as_of_date""], ""context"": {""title"": ""Positions"", ""status"": ""draft""}, ""metrics"": [""volume"", ""mtm_value"", ""unrealized_pnl""], ""identity"": {""key"": ""id"", ""display"": ""commodity""}}",{},"{""embedding_model"": ""text-embedding-3-large""}",transactional,,1,,simple,direct,,"{""default_view"": ""tableview"", ""global_actions"": [{""form"": ""positions_form"", ""label"": ""New""}], ""available_views"": [""tableview"", ""gridview"", ""detailview"", ""metricsview""]}",{},{}
8d1b008c-bff0-4f8e-a27d-722d1c3fe1a2,tickets,unified,unified.tickets,,,[],2026-02-06 02:28:11.98248+00,2026-02-06 02:28:11.98248+00,[],"{""domain"": ""service"", ""context"": {""title"": ""Tickets"", ""module"": ""unified"", ""status"": ""draft"", ""keywords"": [""ticket"", ""support"", ""issue"", ""request""], ""description"": ""RAW DATA for Tickets: Use this to list individual records and transaction details. NOT for executive summaries or totals.""}, ""assignments"": [{""sql"": ""COALESCE(NEW.details->>'subject', 'New Ticket')"", ""column"": ""name"", ""on_insert"": true}, {""sql"": ""'esm'"", ""column"": ""module"", ""on_insert"": true}, {""sql"": ""'open'"", ""column"": ""status"", ""on_insert"": true}], ""example_questions"": [""Show open support tickets"", ""List customer service requests"", ""Find issue reports""]}",{},"{""embedding_model"": ""text-embedding-3-large""}",master,,1,,dependent,resolve_parent,,"{""default_view"": ""kanbanview"", ""global_actions"": [{""form"": ""tickets_form"", ""label"": ""New""}], ""available_views"": [""tableview"", ""gridview"", ""detailview"", ""kanbanview"", ""metricsview""]}",{},{}
8e7f33e8-cdf4-46ab-8eaf-7deb2864eb35,stage_duration_summary,analytics,analytics.av_stage_summary,,,[],2026-02-06 02:28:11.98248+00,2026-02-06 02:28:11.98248+00,[],"{""domain"": ""analytics"", ""context"": {""title"": ""Process Duration Summary"", ""module"": ""analytics"", ""status"": ""draft"", ""keywords"": [""stage"", ""duration"", ""pipeline"", ""funnel""], ""description"": ""Analytics on stage duration across pipelines.""}, ""example_questions"": [""Show stage durations"", ""List funnel analytics""]}",{},"{""embedding_model"": ""text-embedding-3-large""}",analytical,,1,,simple,direct,,"{""default_view"": ""tableview"", ""global_actions"": [{""form"": ""stage_duration_summary_form"", ""label"": ""New""}], ""available_views"": [""tableview"", ""gridview"", ""detailview"", ""metricsview""]}",{},{}
9496a1f4-37a1-4e33-aa72-d9a27156dd25,user_roles,identity,identity.user_roles,,,[],2026-02-06 02:28:11.98248+00,2026-02-06 02:28:11.98248+00,[],"{""domain"": ""identity"", ""context"": {""title"": ""User Roles"", ""module"": ""identity"", ""status"": ""draft"", ""keywords"": [""user"", ""role"", ""assignment"", ""permission""], ""description"": ""Mapping of roles assigned to specific users.""}, ""partitioning"": {""primary"": ""organization_id"", ""spatial"": ""location_id"", ""global_fallback"": false}, ""example_questions"": [""Show user roles"", ""What roles are assigned to this person?""]}",{},"{""embedding_model"": ""text-embedding-3-large""}",reference,,1,,simple,direct,,"{""default_view"": ""tableview"", ""global_actions"": [{""form"": ""user_roles_form"", ""label"": ""New""}], ""available_views"": [""tableview"", ""gridview"", ""detailview""]}",{},{}
9e87c3e6-a47a-4ac0-be0a-201d9e7c3a9d,deals_summary,analytics,analytics.av_deals_summary,,,[],2026-02-06 02:28:11.98248+00,2026-02-06 02:28:11.98248+00,[],"{""domain"": ""analytics"", ""context"": {""title"": ""Deals Analytical Summary"", ""module"": ""analytics"", ""status"": ""draft"", ""keywords"": [""deal"", ""summary"", ""report"", ""sales""], ""description"": ""ANALYTICAL REPORT for Deals: Use this for executive dashboards, stage-wise totals, and averages. NOT for listing individual records.""}, ""example_questions"": [""Show deal summaries"", ""List sales reports""]}",{},"{""embedding_model"": ""text-embedding-3-large""}",analytical,,1,,simple,direct,,"{""default_view"": ""kanbanview"", ""global_actions"": [{""form"": ""deals_summary_form"", ""label"": ""New""}], ""available_views"": [""tableview"", ""gridview"", ""detailview"", ""kanbanview"", ""metricsview""]}",{},{}
ad27c939-dbb1-4611-8ae4-a287dbb3dbaf,user_teams,identity,identity.user_teams,,,[],2026-02-06 02:28:11.98248+00,2026-02-06 02:28:11.98248+00,[],"{""domain"": ""identity"", ""context"": {""title"": ""User Teams"", ""module"": ""identity"", ""status"": ""draft"", ""keywords"": [""user"", ""team"", ""membership"", ""squad""], ""description"": ""Mapping of users to specific teams.""}, ""partitioning"": {""primary"": ""organization_id"", ""spatial"": ""location_id"", ""global_fallback"": false}, ""example_questions"": [""Show team membership"", ""List users in this squad""]}",{},"{""embedding_model"": ""text-embedding-3-large""}",reference,,1,,simple,direct,,"{""default_view"": ""tableview"", ""global_actions"": [{""form"": ""user_teams_form"", ""label"": ""New""}], ""available_views"": [""tableview"", ""gridview"", ""detailview""]}",{},{}
b3e2a0d6-0dc9-449e-ab24-bd716a990ec3,service_catalog,esm,esm.service_catalog,,,[],2026-02-07 00:38:19.71143+00,2026-02-07 00:38:19.71143+00,[],"{""context"": {""title"": ""Service Catalog"", ""status"": ""draft""}}","{""display_id"": {""prefix"": ""SVC""}}","{""embedding_model"": ""text-embedding-3-large""}",master,"{""format"": ""SVC-{COUNTER}"", ""token_config"": [{""type"": ""counter"", ""token"": ""{COUNTER}""}], ""counter_config"": {""reset_period"": ""CALENDAR_YEAR""}, ""counter_padding"": 6}",1,,simple,direct,,{},{},{}
ba4cca86-6279-486d-9f9f-724f0d16d5b4,customers_business,crm,crm.accounts,,"state_category IN ('IN_PROGRESS', 'CLOSED_WON', 'CLOSED_LOST')","[""crm.accounts""]",2026-02-09 15:18:10.849427+00,2026-02-09 15:42:13.348987+00,[],"{""context"": {""title"": ""Customers_business"", ""status"": ""draft""}, ""lifecycle"": {""stages"": [{""id"": ""prospect"", ""name"": ""Prospect"", ""category"": ""NEW"", ""sequence"": 1}, {""id"": ""active"", ""name"": ""Active"", ""category"": ""CLOSED_WON"", ""sequence"": 2}, {""id"": ""churned"", ""name"": ""Churned"", ""category"": ""CLOSED_LOST"", ""sequence"": 3}], ""start_stage"": ""prospect""}, ""assignments"": [{""sql"": ""COALESCE(details->'organization'->>'name', 'Unnamed Customer')"", ""column"": ""name"", ""on_insert"": true, ""overwrite"": true}, {""sql"": ""'crm'"", ""column"": ""module"", ""on_insert"": true}, {""sql"": ""'active'"", ""column"": ""status"", ""on_insert"": true}]}",{},"{""embedding_model"": ""text-embedding-3-large""}",master,,3,,simple,direct,,{},{},{}
bd66198c-a8cd-472c-82c2-551642e264c5,assessments,hr,hr.assessments,,,[],2026-02-03 20:41:34.583148+00,2026-02-09 15:42:13.348987+00,[],"{""context"": {""title"": ""Assessments"", ""module"": ""hr"", ""status"": ""draft""}}",{},"{""embedding_model"": ""text-embedding-3-large""}",transactional,"{""format"": ""ASS-{SEQ}"", ""counter_padding"": 5}",1,,dependent,resolve_parent,"{""type"": ""object"", ""required"": [""assessmentStatus""], ""properties"": {""assessmentStatus"": {""type"": ""string""}, ""assessmentRequester"": {""type"": ""object"", ""required"": [""assessmentName""], ""properties"": {""assessmentName"": {""type"": ""string""}}}}}","{""default_view"": ""kanbanview"", ""global_actions"": [{""form"": ""assessments_form"", ""label"": ""New""}], ""available_views"": [""tableview"", ""gridview"", ""detailview"", ""kanbanview"", ""metricsview""]}","{""staticTabs"": [], ""dynamicTabs"": [{""label"": ""Applications"", ""order"": 1, ""props"": {""tabs"": [], ""filters"": [{""value"": ""application_id"", ""column"": ""id""}], ""entityType"": ""hr.applications""}, ""detailView"": false}]}",{}
c46445c1-93f3-4698-9e87-e4a8b49d34ef,service_reports,blueprint,blueprint.service_reports,,,[],2026-02-06 02:28:11.98248+00,2026-02-06 02:28:11.98248+00,[],"{""domain"": ""service"", ""context"": {""title"": ""Service Reports"", ""module"": ""blueprint"", ""status"": ""draft"", ""keywords"": [""service"", ""report"", ""field"", ""work order""], ""description"": ""Field service reports and work order documentation.""}, ""example_questions"": [""List service reports"", ""Show field work orders""]}",{},"{""embedding_model"": ""text-embedding-3-large""}",transactional,,1,,dependent,resolve_parent,,"{""default_view"": ""kanbanview"", ""global_actions"": [{""form"": ""service_reports_form"", ""label"": ""New""}], ""available_views"": [""tableview"", ""gridview"", ""detailview"", ""kanbanview"", ""metricsview""]}",{},{}
c61819fc-644b-4cff-9f3f-265eb6c67613,inventory,ctrm,ctrm.inventory,,,[],2026-02-06 11:24:58.457905+00,2026-02-06 11:24:58.457905+00,[],"{""tags"": [""commodity"", ""unit""], ""time"": [""last_measured_at""], ""context"": {""title"": ""Inventory"", ""status"": ""draft""}, ""metrics"": [""current_volume"", ""capacity""], ""identity"": {""key"": ""id"", ""display"": ""location_name""}}",{},"{""embedding_model"": ""text-embedding-3-large""}",transactional,,1,,simple,direct,,"{""default_view"": ""tableview"", ""global_actions"": [{""form"": ""inventory_form"", ""label"": ""New""}], ""available_views"": [""tableview"", ""gridview"", ""detailview"", ""metricsview""]}",{},{}
cbff32f4-8f19-4ac1-84c4-f8327d22a5e2,service_requests,esm,esm.service_requests,,,[],2026-02-07 00:38:19.71143+00,2026-02-07 00:38:19.71143+00,[],"{""context"": {""title"": ""Service Request"", ""status"": ""draft""}}","{""lifecycle"": {""mapping"": [{""source"": ""stage_id"", ""target"": ""stage_id"", ""is_primary"": true}]}, ""display_id"": {""prefix"": ""SR""}}","{""embedding_model"": ""text-embedding-3-large""}",master,"{""format"": ""SR-{YEAR}-{COUNTER}"", ""token_config"": [{""type"": ""date_part"", ""token"": ""{YEAR}"", ""date_format"": ""YYYY""}, {""type"": ""counter"", ""token"": ""{COUNTER}""}], ""counter_config"": {""date_field"": ""created_at"", ""reset_period"": ""CALENDAR_YEAR""}, ""counter_padding"": 6}",1,,dependent,resolve_parent,,{},{},{}
cdc505cf-c537-4432-af25-e2c9afff5c21,projects,unified,unified.projects,,,[],2026-02-06 02:28:11.98248+00,2026-02-06 02:28:11.98248+00,[],"{""domain"": ""operations"", ""context"": {""title"": ""Projects"", ""module"": ""unified"", ""status"": ""draft"", ""keywords"": [""project"", ""initiative"", ""milestone"", ""plan""], ""description"": ""Strategic projects and business initiatives.""}, ""example_questions"": [""List all projects"", ""Show active initiatives"", ""Find project milestones""]}",{},"{""embedding_model"": ""text-embedding-3-large""}",master,,1,,dependent,resolve_parent,,"{""default_view"": ""kanbanview"", ""global_actions"": [{""form"": ""projects_form"", ""label"": ""New""}], ""available_views"": [""tableview"", ""gridview"", ""detailview"", ""kanbanview"", ""metricsview""]}",{},{}
d02a91f6-083e-4a62-985d-5574f5101399,leave_applications,workforce,workforce.leave_applications,,,,2026-02-07 04:30:53.124112+00,2026-02-07 05:40:31.999236+00,[],"{""context"": {""title"": ""Leave_applications"", ""module"": ""hr"", ""status"": ""draft""}}",{},"{""embedding_model"": ""text-embedding-3-large""}",transactional,,1,,nested,nested_create,,"{""default_view"": ""kanbanview"", ""global_actions"": [{""form"": ""leave_applications_form"", ""label"": ""New""}], ""available_views"": [""tableview"", ""gridview"", ""detailview"", ""kanbanview"", ""calendarview"", ""metricsview""]}",{},{}
db6694bc-678b-455f-8209-acfad3e5ae9b,inspections,ctrm,ctrm.inspections,,,[],2026-02-06 11:24:58.457905+00,2026-02-06 11:24:58.457905+00,[],"{""tags"": [""status""], ""time"": [""created_at""], ""context"": {""title"": ""Inspections"", ""status"": ""draft""}, ""identity"": {""key"": ""id"", ""display"": ""inspector_name""}}",{},"{""embedding_model"": ""text-embedding-3-large""}",transactional,,1,,dependent,resolve_parent,,"{""default_view"": ""kanbanview"", ""global_actions"": [{""form"": ""inspections_form"", ""label"": ""New""}], ""available_views"": [""tableview"", ""gridview"", ""detailview"", ""kanbanview"", ""metricsview""]}",{},{}
dec50931-804c-4087-8bf6-ebe642db85e9,tasks,blueprint,unified.tasks,,,"[""blueprint.tasks""]",2026-02-03 20:41:34.583148+00,2026-02-09 15:42:13.348987+00,[],"{""context"": {""title"": ""Tasks"", ""module"": ""blueprint"", ""status"": ""draft""}}",{},"{""embedding_model"": ""text-embedding-3-large""}",transactional,,4,,dependent,resolve_parent,,"{""default_view"": ""kanbanview"", ""global_actions"": [{""form"": ""tasks_form"", ""label"": ""New""}], ""available_views"": [""tableview"", ""gridview"", ""detailview"", ""kanbanview"", ""calendarview"", ""metricsview""]}",{},{}
e2c21e07-429c-4b64-95d5-c8816b37035c,consultants,hr,hr.workers,"
CREATE OR REPLACE VIEW hr.v_consultants AS
SELECT 
    uc.id, uc.organization_id, uc.display_id, uc.name, uc.email, uc.phone,
    uc.persona_type, uc.status, uc.vertical, uc.vertical_payload,
    ou.location_id, ou.manager_id, ou.user_id,
    u.pref_organization_id AS primary_org,
    w.details AS hr_details,
    w.details->'employment'->>'hireDate' AS contract_start,
    w.details->'employment'->>'jobTitle' AS role_title,
    uc.created_at, uc.updated_at
FROM unified.contacts uc
LEFT JOIN identity.organization_users ou ON ou.id = uc.id
LEFT JOIN identity.users u ON u.id = ou.user_id
LEFT JOIN hr.workers w ON w.id = uc.id
WHERE uc.contact_type = 'worker' AND uc.persona_type = 'consultant';
        ",contact_type = 'worker' AND persona_type = 'consultant',[],2026-01-24 05:17:51.638851+00,2026-02-14 02:55:48.85913+00,[],"{""context"": {""title"": ""Consultants"", ""module"": ""hr"", ""status"": ""applied""}}",{},"{""embedding_model"": ""text-embedding-3-large""}",deprecated,,4,,simple,direct,,"{""default_view"": ""kanbanview"", ""global_actions"": [{""form"": ""consultants_form"", ""label"": ""New""}], ""available_views"": [""tableview"", ""gridview"", ""detailview"", ""kanbanview"", ""metricsview""]}",{},{}
e644a2e1-666c-4dcc-9fe7-2d1506a3e552,counterparties,ctrm,ctrm.counterparties,,,[],2026-02-06 11:24:58.457905+00,2026-02-06 11:24:58.457905+00,[],"{""tags"": [""category"", ""rating""], ""context"": {""title"": ""Counterparties"", ""status"": ""draft""}, ""metrics"": [""credit_limit""], ""identity"": {""key"": ""id"", ""display"": ""name""}}",{},"{""embedding_model"": ""text-embedding-3-large""}",transactional,,1,,simple,direct,,"{""default_view"": ""tableview"", ""global_actions"": [{""form"": ""counterparties_form"", ""label"": ""New""}], ""available_views"": [""tableview"", ""gridview"", ""detailview"", ""metricsview""]}",{},{}
ecdfa21e-3548-4d29-8e0b-d7746e2687e7,locations,identity,identity.locations,,,[],2026-02-03 20:41:34.583148+00,2026-02-09 15:42:13.348987+00,[],"{""context"": {""title"": ""Locations"", ""module"": ""identity"", ""status"": ""draft""}}",{},"{""embedding_model"": ""text-embedding-3-large""}",transactional,,4,,simple,direct,,"{""default_view"": ""tableview"", ""global_actions"": [{""form"": ""locations_form"", ""label"": ""New""}], ""available_views"": [""tableview"", ""gridview"", ""detailview"", ""metricsview""]}",{},{}
ed9be2b6-f470-40cc-9e35-d5083b24055b,organizations,identity,identity.organizations,,,[],2026-02-03 20:41:34.583148+00,2026-02-09 15:42:13.348987+00,[],"{""context"": {""title"": ""Organizations"", ""module"": ""identity"", ""status"": ""draft""}}",{},"{""embedding_model"": ""text-embedding-3-large""}",master,,1,,simple,direct,,"{""default_view"": ""tableview"", ""global_actions"": [{""form"": ""organizations_form"", ""label"": ""New""}], ""available_views"": [""tableview"", ""gridview"", ""detailview"", ""metricsview""]}",{},{}
ef0560bb-579e-4b51-b44f-3c3b0ff9a67a,screenings,hr,hr.screenings,,,[],2026-02-03 20:41:34.583148+00,2026-02-09 15:42:13.348987+00,[],"{""context"": {""title"": ""Screenings"", ""module"": ""hr"", ""status"": ""draft""}}",{},"{""embedding_model"": ""text-embedding-3-large""}",transactional,"{""format"": ""SCR-{SEQ}"", ""counter_padding"": 5}",1,,dependent,resolve_parent,"{""type"": ""object"", ""required"": [""orderStatus""], ""properties"": {""orderStatus"": {""type"": ""string""}}}","{""default_view"": ""kanbanview"", ""global_actions"": [{""form"": ""screenings_form"", ""label"": ""New""}], ""available_views"": [""tableview"", ""gridview"", ""detailview"", ""kanbanview"", ""metricsview""]}","{""staticTabs"": [], ""dynamicTabs"": [{""label"": ""Applications"", ""order"": 1, ""props"": {""tabs"": [], ""filters"": [{""value"": ""application_id"", ""column"": ""id""}], ""entityType"": ""hr.applications""}, ""detailView"": false}]}",{}
f0c960bf-01e6-4f31-b37a-bff1ff1c09f9,policies,hr,hr.policies,,,[],2026-02-03 20:41:34.583148+00,2026-02-09 15:42:13.348987+00,[],"{""context"": {""title"": ""Policies"", ""module"": ""hr"", ""status"": ""draft""}}",{},"{""embedding_model"": ""text-embedding-3-large""}",transactional,,4,,simple,direct,,"{""default_view"": ""tableview"", ""global_actions"": [{""form"": ""policies_form"", ""label"": ""New""}], ""available_views"": [""tableview"", ""gridview"", ""detailview""]}",{},{}
f0f6c916-a159-442b-a160-d01ea330de45,customer_segments,crm,crm.customer_segments,,,[],2026-02-12 06:54:21.381993+00,2026-02-12 06:54:21.381993+00,[],"{""context"": {""icon"": ""Segments"", ""title"": ""Customer_segments"", ""status"": ""draft"", ""description"": ""Logical groupings of customers""}}",{},"{""embedding_model"": ""text-embedding-3-large""}",registry,,1,,simple,direct,,{},{},{}
f5dacadb-df48-46bc-97c5-cca5b0c03efd,teams,identity,identity.teams,,,[],2026-02-03 20:41:34.583148+00,2026-02-09 15:42:13.348987+00,[],"{""context"": {""title"": ""Teams"", ""module"": ""identity"", ""status"": ""draft""}}",{},"{""embedding_model"": ""text-embedding-3-large""}",transactional,,4,,simple,direct,,"{""default_view"": ""tableview"", ""global_actions"": [{""form"": ""teams_form"", ""label"": ""New""}], ""available_views"": [""tableview"", ""gridview"", ""detailview""]}",{},{}
f8d0d67b-4cb3-4ecf-8505-4539598c47c3,requisitions,hr,hr.requisitions,,,[],2026-02-03 20:41:34.583148+00,2026-02-09 15:42:13.348987+00,[],"{""domain"": ""hr"", ""context"": {""title"": ""Job Requisitions"", ""module"": ""hr"", ""status"": ""draft"", ""keywords"": [""requisition"", ""job opening"", ""hiring"", ""vacancy"", ""position""], ""description"": ""Job openings, hiring requirements, and requisition management.""}, ""assignments"": [{""sql"": ""COALESCE(NEW.details->'requisition'->>'position', 'Unnamed Requisition')"", ""column"": ""name"", ""on_insert"": true, ""overwrite"": true}, {""sql"": ""'hr'"", ""column"": ""module"", ""on_insert"": true}, {""sql"": ""'active'"", ""column"": ""status"", ""on_insert"": true}], ""example_questions"": [""Show all open job requisitions"", ""List pending hiring needs"", ""Find requisitions for development team""]}",{},"{""embedding_model"": ""text-embedding-3-large""}",master,"{""format"": ""REQ-{SEQ}"", ""counter_padding"": 5}",1,,simple,direct,"{""type"": ""object"", ""required"": [""positionProfile"", ""status""], ""properties"": {""status"": {""type"": ""string""}, ""positionProfile"": {""type"": ""object"", ""required"": [""positionTitle""], ""properties"": {""department"": {""type"": ""string""}, ""positionTitle"": {""type"": ""string""}, ""positionFormattedDescription"": {""type"": ""array""}}}}}","{""default_view"": ""kanbanview"", ""global_actions"": [{""form"": ""requisitions_form"", ""label"": ""New""}], ""available_views"": [""tableview"", ""gridview"", ""detailview"", ""kanbanview"", ""metricsview""]}",{},{}
fd7f6116-c425-4fcc-8d23-fe17d6de2eb7,policy_documents,hr,hr.policy_documents,,,[],2026-02-03 20:41:34.583148+00,2026-02-09 15:42:13.348987+00,[],"{""context"": {""title"": ""Policy_documents"", ""module"": ""hr"", ""status"": ""draft""}}",{},"{""embedding_model"": ""text-embedding-3-large""}",transactional,,4,,simple,direct,,"{""default_view"": ""kanbanview"", ""global_actions"": [{""form"": ""policy_documents_form"", ""label"": ""New""}], ""available_views"": [""tableview"", ""gridview"", ""detailview"", ""kanbanview"", ""metricsview""]}",{},{}
fd91f9f0-bef6-430e-9962-7b67bbb06c6a,tasks,unified,unified.tasks,,,[],2026-02-06 02:28:11.98248+00,2026-02-06 02:28:11.98248+00,[],"{""domain"": ""operations"", ""context"": {""title"": ""Tasks"", ""module"": ""unified"", ""status"": ""draft"", ""keywords"": [""task"", ""todo"", ""action"", ""work""], ""description"": ""Individual tasks and action items across functions.""}, ""assignments"": [{""sql"": ""COALESCE(NEW.details->>'title', 'New Task')"", ""column"": ""name"", ""on_insert"": true}, {""sql"": ""'ops'"", ""column"": ""module"", ""on_insert"": true}, {""sql"": ""'pending'"", ""column"": ""status"", ""on_insert"": true}], ""example_questions"": [""List all tasks"", ""Show pending todos"", ""Find tasks assigned to me""]}",{},"{""embedding_model"": ""text-embedding-3-large""}",master,,1,,dependent,resolve_parent,,"{""default_view"": ""kanbanview"", ""global_actions"": [{""form"": ""tasks_form"", ""label"": ""New""}], ""available_views"": [""tableview"", ""gridview"", ""detailview"", ""kanbanview"", ""metricsview""]}",{},{}